S_No,Place,Gauge,Meena
1,C,13,
2,C,12,
3,,,
4,,,
5,,,
6,,,
7,C,12,
8,C,11.5,
9,B,12,
10,,,
11,,,
12,,,
13,C,11,
14,C,10.5,
15,B,11,
16,B,11,
17,B,11,
18,B,11,
19,B,11,
20,,,
21,,,
22,,,
23,,,
24,,,
25,C,10,
26,C,10,
27,C,10,
28,B,10,
29,B,10,
30,B,10,
31,B,10,
32,B,10,
33,B,10,
34,B,10,
35,B,10,
36,C,10,
37,C,9,
38,B,9,
39,B,9,
40,B,9,
41,C,9,
42,B,9,
43,B,9,
44,B,9,
45,B,9,
46,B,9,
47,,,
48,,,
49,B,8,
50,B,8,
51,B,8,
52,B,9,
53,B,8,
54,B,8,
55,B,8,
56,B,8,
57,B,8,
58,B,8,
59,B,8,
60,B,8,
61,B,8,
62,B,8,
63,B,8,
64,,,
65,,,
66,,,
67,C,7,
68,B,7,
69,B,7,
70,B,7,
71,B,7,
72,B,7,
73,B,7,
74,B,7,
75,B,7,
76,B,7,
77,B,7,
78,B,7,
79,B,7,
80,B,7,
81,B,7,
82,,,
83,,,
84,,,
85,,,
86,,,
87,,,
88,,,
89,,,
90,,,
91,,,
92,,,
93,,,
94,,,
95,,,
96,,,
97,,,
98,,,
99,,,
100,,,
101,,,
102,,,
103,,,
104,,,
105,,,
106,,,
107,,,
108,,,
109,,,
110,,,
111,,,
112,,,
113,,,
114,,,
115,,,
116,,,
117,,,
118,,,
119,,,
120,,,
121,,,
122,,,
123,,,
124,,,
125,,,
126,,,
127,B,12,
128,B,12,
129,B,12,
130,B,12,
131,B,12,
132,,,
133,B,12,
134,B,12,
135,B,12,
136,B,12,
137,B,12,
138,,,
139,B,11,
140,B,11,
141,B,11,
142,B,11,
143,B,11,
144,,,
145,B,11,
146,B,11,
147,B,11,
148,B,11,
149,B,11,
150,B,11,
151,B,11,
152,B,11,
153,B,11,
154,B,11,
155,B,11,
156,B,11,
157,B,10,
158,B,10,
159,B,10,
160,B,10,
161,,,
162,,,
163,B,11,
164,B,11,
165,B,11,
166,B,11,
167,B,11,
168,,,
169,B,11,
170,B,11,
171,B,11,
172,B,11,
173,,,
174,,,
175,B,12,
176,B,12,
177,B,12,
178,B,12,
179,,,
180,,,
181,B,10,
182,B,9,
183,B,9,
184,B,10,
185,B,10,
186,B,9,
187,B,9,
188,B,9,
189,B,9,
190,B,9,
191,B,9,
192,B,10,
193,B,9,
194,B,9,
195,B,9,
196,B,9,
197,B,9,
198,B,9,
199,B,9,
200,B,9,
201,B,9,
202,B,9,
203,B,9,
204,,,
205,B,10,
206,B,10,
207,B,10,
208,B,10,
209,B,10,
210,B,10,
211,B,8.5,
212,B,8.5,
213,B,8.5,
214,B,8.5,
215,B,8.5,
216,B,8.5,
217,B,10,
218,B,10,
219,B,10,
220,B,10,
221,B,10,
222,,,
223,B,8.5,
224,B,8.5,
225,B,8.5,
226,B,8.5,
227,B,8.5,
228,B,8.5,
229,B,10,
230,B,10,
231,B,10,
232,B,10,
233,,,
234,,,
235,B,10,
236,B,10,
237,B,10,
238,,,
239,,,
240,,,
241,B,11,
242,B,11,
243,B,11,
244,B,11,
245,,,
246,,,
247,B,10,
248,B,10,
249,B,10,
250,,,
251,,,
252,,,
253,B,11,
254,B,11,
255,B,11,
256,B,11,
257,B,11,
258,B,11,
259,B,11,
260,B,11,
261,B,11,
262,B,11,
263,B,11,
264,B,11,
265,B,11,
266,B,11,
267,B,11,
268,B,11,
269,,,
270,,,
271,B,10,
272,B,9,
273,B,10,
274,B,10,
275,B,10,
276,B,9,
277,B,10,
278,B,10,
279,B,10,
280,B,10,
281,B,9,
282,B,10,
283,B,11,
284,B,11,
285,B,10.5,
286,B,11,
287,B,11,
288,,,
289,B,9,
290,B,9,
291,B,9,
292,B,9,
293,B,8.5,
294,B,8.5,
295,B,9,
296,B,9,
297,B,9,
298,B,9,
299,B,8.5,
300,B,9,
301,B,10,
302,B,10,
303,B,10,
304,B,9,
305,B,9,
306,B,9,
307,B,11,
308,B,11,
309,B,11,
310,B,11,
311,B,11,
312,B,11,
313,B,9,
314,B,9,
315,B,9,
316,B,9,
317,B,9,
318,B,9,
319,B,8,
320,B,8,
321,B,8,
322,B,8,
323,B,8,
324,B,8,
325,B,10,
326,B,10,
327,B,10,
328,,,
329,,,
330,,,
331,B,9,
332,B,9,
333,B,9,
334,B,9,
335,B,9,
336,,,
337,B,11,
338,B,11,
339,B,11,
340,B,11,
341,B,11,
342,B,11,
343,B,10,
344,B,10,
345,B,10,
346,B,10,
347,B,10,
348,,,
349,B,9,
350,B,9,
351,B,9,
352,B,9,
353,B,9,
354,,,
355,B,9,
356,B,9,
357,B,9,
358,B,9,
359,B,9,
360,B,9,
361,B,9,
362,B,9,
363,B,9,
364,B,9,
365,,,
366,,,
367,B,11,
368,B,11,
369,B,11,
370,B,11,
371,B,11,
372,,,
373,B,10,
374,B,10,
375,B,10,
376,B,10,
377,B,10,
378,,,
379,B,9,
380,B,9,
381,B,9,
382,B,9,
383,B,9,
384,,,
385,B,10,
386,B,10,
387,B,10,
388,B,10,
389,B,10,
390,,,
391,B,11,
392,B,11,
393,B,11,
394,B,11,
395,B,11,
396,,,
397,B,8,
398,B,8,
399,B,8,
400,B,8,
401,,,
402,,,
403,B,10,
404,B,10,
405,B,10,
406,,,
407,,,
408,,,
409,B,8.5,
410,B,8.5,
411,B,8.5,
412,B,8.5,
413,B,8.5,
414,B,8.5,
415,B,8.5,
416,B,8.5,
417,,,
418,,,
419,,,
420,,,
421,B,10,
422,B,10,
423,B,10,
424,B,10,
425,,,
426,,,
427,B,10,
428,B,10,
429,B,10,
430,,,
431,,,
432,,,
433,B,11,
434,B,11,
435,B,10,
436,,,
437,,,
438,,,
439,B,8,
440,B,8,
441,B,8,
442,,,
443,,,
444,,,
445,B,9,
446,B,9,
447,,,
448,,,
449,,,
450,,,
451,B,10,
452,B,10,
453,B,10,
454,,,
455,,,
456,,,
457,B,9,
458,B,9,
459,B,9,
460,B,9,
461,,,
462,,,
463,B,10,
464,,,
465,,,
466,,,
467,,,
468,,,
469,B,11,
470,B,11,
471,B,11,
472,B,11,
473,B,11,
474,B,11,
475,B,11,
476,B,11,
477,B,11,
478,,,
479,,,
480,,,
481,B,10,
482,B,10,
483,B,10,
484,B,10,
485,,,
486,,,
487,B,9,
488,B,9,
489,B,9,
490,B,9,
491,B,9,
492,B,9,
493,B,10,
494,B,10,
495,B,10,
496,B,10,
497,B,10,
498,,,
499,B,11,
500,B,11,
501,B,11,
502,B,11,
503,,,
504,,,
505,B,11,
506,B,11,
507,B,11,
508,B,11,
509,B,11,
510,,,
511,B,10,
512,,,
513,,,
514,,,
515,,,
516,,,
517,B,11,
518,B,11,
519,B,11,
520,B,11,
521,,,
522,,,
523,B,12,
524,,,
525,,,
526,,,
527,,,
528,,,
529,B,8,
530,B,8,
531,B,8,
532,,,
533,,,
534,,,
535,B,9,
536,,,
537,,,
538,,,
539,,,
540,,,
541,B,10,
542,B,10,
543,,,
544,,,
545,,,
546,,,
547,B,10,
548,B,10,
549,B,10,
550,B,10,
551,,,
552,,,
553,B,10,
554,B,10,
555,,,
556,,,
557,,,
558,,,
559,B,10,
560,B,10,
561,,,
562,,,
563,,,
564,,,
565,B,0,
566,B,0,
567,,,
568,,,
569,,,
570,,,
571,B,9,
572,B,9,
573,B,9,
574,B,9,
575,,,
576,,,
577,B,10,
578,,,
579,,,
580,,,
581,,,
582,,,
583,B,11,
584,B,11,
585,B,11,
586,,,
587,,,
588,,,
589,B,10,
590,B,10,
591,B,10,
592,B,10,
593,B,10,
594,B,10,
595,B,10,
596,B,10,
597,,,
598,B,10,
599,,,
600,B,10,
601,B,12,
602,B,12,
603,,,
604,,,
605,,,
606,,,
607,B,9,
608,B,9,
609,,,
610,,,
611,,,
612,,,
613,B,11,
614,B,11,
615,B,11,
616,,,
617,,,
618,,,
619,B,7,
620,B,7,
621,B,7,
622,B,7,
623,B,7,
624,,,
625,B,8,
626,B,8,
627,B,8,
628,B,8,
629,B,8,
630,,,
631,B,11,
632,B,11,
633,,,
634,,,
635,,,
636,,,
637,B,7,
638,B,7,
639,B,7,
640,B,7,
641,B,7,
642,B,7,
643,B,7,
644,B,7,
645,B,7,
646,B,7,
647,B,7,
648,B,7,
649,B,7,
650,B,7,
651,B,7,
652,B,7,
653,B,7,
654,B,7,
655,B,8,
656,B,8,
657,B,8,
658,B,8,
659,B,8,
660,,,
661,B,9,
662,B,9,
663,B,9,
664,B,9,
665,,,
666,,,
667,B,11,
668,B,11,
669,,,
670,,,
671,,,
672,,,
673,B,9,
674,B,9,
675,,,
676,,,
677,,,
678,,,
679,B,12,
680,B,12,
681,B,12,
682,,,
683,,,
684,,,
685,B,10,
686,B,10,
687,B,10,
688,B,10,
689,B,10,
690,,,
691,B,10,
692,B,10,
693,B,10,
694,,,
695,,,
696,,,
697,B,9,
698,B,9,
699,B,9,
700,,,
701,,,
702,,,
703,B,10,
704,B,10,
705,B,10,
706,,,
707,,,
708,,,
709,B,10,
710,B,10,
711,B,10,
712,B,10,
713,B,10,
714,,,
715,B,10.5,
716,B,11,
717,B,11,
718,B,11,
719,B,10.5,
720,B,11,
721,B,9,
722,B,9,
723,,,
724,,,
725,,,
726,,,
727,B,10,
728,B,10,
729,,,
730,,,
731,,,
732,,,
733,B,10,
734,B,10,
735,B,10,
736,B,10,
737,,,
738,,,
739,B,10,
740,B,10,
741,,,
742,,,
743,,,
744,,,
745,B,12,
746,B,12,
747,B,12,
748,,,
749,,,
750,,,
751,B,11,
752,B,11,
753,B,11,
754,,,
755,,,
756,,,
757,B,10,
758,B,10,
759,B,10,
760,B,10,
761,,,
762,,,
763,B,11,
764,B,11,
765,,,
766,,,
767,,,
768,,,
769,B,11,
770,B,11,
771,B,11,
772,B,11,
773,B,11,
774,,,
775,B,11,
776,,,
777,,,
778,,,
779,,,
780,,,
781,B,8.5,
782,B,8,
783,B,8,
784,B,8.5,
785,,,
786,,,
787,B,11,
788,B,11,
789,B,11,
790,B,11,
791,B,11,
792,,,
793,B,13,
794,B,13,
795,B,13,
796,,,
797,,,
798,,,
799,B,12,
800,,,
801,,,
802,,,
803,,,
804,,,
805,B,10,
806,B,10,
807,B,10,
808,,,
809,,,
810,,,
811,B,10,
812,B,10,
813,B,10,
814,B,10,
815,B,10,
816,B,10,
817,B,10,
818,B,10,
819,B,9.5,
820,,,
821,,,
822,,,
823,B,9.5,
824,B,9.5,
825,B,9.5,
826,,,
827,,,
828,,,
829,B,10,
830,B,10,
831,B,10,
832,,,
833,,,
834,,,
835,B,11,
836,B,11,
837,B,11,
838,B,11,
839,B,11,
840,,,
841,B,11,
842,B,11,
843,B,10.5,
844,B,11,
845,B,10.5,
846,,,
847,B,11,
848,B,11,
849,B,11,
850,B,11,
851,,,
852,,,
853,B,11,
854,B,11,
855,B,11,
856,B,11,
857,B,11,
858,B,11,
859,B,12,
860,B,11.5,
861,B,12,
862,B,12,
863,B,12,
864,B,11.5,
865,B,12,
866,B,12,
867,B,11,
868,B,11,
869,,,
870,,,
871,B,11,
872,B,11,
873,B,11,
874,,,
875,,,
876,,,
877,B,11,
878,B,11,
879,B,11,
880,B,11,
881,B,11,
882,,,
883,B,10.5,
884,B,9,
885,B,9.5,
886,B,10,
887,,,
888,,,
889,B,11,
890,B,10.5,
891,B,11,
892,B,12,
893,B,12,
894,B,9.5,
895,B,11,
896,B,11,
897,B,11,
898,B,10,
899,B,11,
900,B,11,
901,B,12.5,
902,B,12.5,
903,B,12.5,
904,B,12.5,
905,B,12.5,
906,B,8.5,
907,B,10,
908,B,9,
909,B,8,
910,,,
911,,,
912,,,
913,,,
914,,,
915,,,
916,,,
917,,,
918,,,
919,B,11,
920,B,9,
921,B,10,
922,B,9,
923,B,11,
924,B,10,
925,B,11,
926,B,11,
927,B,11,
928,B,11,
929,B,10.5,
930,,,
931,B,11,
932,B,11,
933,B,11,
934,B,11,
935,B,11,
936,,,
937,B,12,
938,B,12,
939,B,12,
940,,,
941,,,
942,,,
943,B,12,
944,B,12,
945,B,12,
946,B,12,
947,,,
948,,,
949,B,12,
950,B,12,
951,B,12,
952,,,
953,,,
954,,,
955,B,11,
956,B,11,
957,B,11,
958,B,11,
959,,,
960,,,
961,B,11,
962,B,11,
963,B,11,
964,,,
965,,,
966,,,
967,B,7,
968,B,7,
969,B,7,
970,B,7,
971,B,7,
972,,,
973,B,7,
974,B,7,
975,B,7,
976,B,7,
977,B,7,
978,B,7,
979,B,7,
980,B,7,
981,B,7,
982,B,7,
983,B,7,
984,B,,
985,B,7,
986,B,7,
987,,,
988,,,
989,,,
990,,,
991,B,7,
992,B,7,
993,,,
994,,,
995,,,
996,,,
997,B,9,
998,B,9,
999,B,9,
1000,B,9,
1001,,,
1002,,,
1003,B,8.5,
1004,B,8.5,
1005,B,8,
1006,B,8,
1007,B,8.5,
1008,,,
1009,B,10,
1010,B,10,
1011,B,10,
1012,B,10,
1013,,,
1014,,,
1015,B,10,
1016,B,10,
1017,B,10,
1018,B,10,
1019,,,
1020,,,
1021,B,9,
1022,B,9,
1023,B,9,
1024,B,9,
1025,B,9,
1026,,,
1027,B,9,
1028,B,9,
1029,B,9,
1030,B,9,
1031,,,
1032,,,
1033,B,10,
1034,B,10,
1035,B,10,
1036,B,10,
1037,B,10,
1038,,,
1039,B,10,
1040,B,10,
1041,B,10,
1042,B,10,
1043,B,10,
1044,B,10,
1045,,,
1046,,,
1047,,,
1048,,,
1049,,,
1050,,,
1051,B,11,
1052,B,11,
1053,B,11,
1054,,,
1055,,,
1056,,,
1057,B,12,
1058,B,12,
1059,B,12,
1060,,,
1061,,,
1062,,,
1063,B,11,
1064,B,11,
1065,B,11,
1066,,,
1067,,,
1068,,,
1069,B,11,
1070,B,11,
1071,B,11,
1072,B,11,
1073,,,
1074,,,
1075,B,11,
1076,B,11,
1077,,,
1078,,,
1079,,,
1080,,,
1081,B,10,
1082,B,10,
1083,B,10,
1084,B,10,
1085,B,10,
1086,,,
1087,B,11,
1088,B,11,
1089,B,11,
1090,B,11,
1091,B,11,
1092,,,
1093,B,11,
1094,B,11,
1095,,,
1096,B,11,
1097,B,11,
1098,,,
1099,B,10,
1100,B,10,
1101,B,10,
1102,,,
1103,,,
1104,,,
1105,B,11,
1106,B,11,
1107,B,11,
1108,,,
1109,,,
1110,,,
1111,,,
1112,B,11,
1113,B,11,
1114,B,11,
1115,,,
1116,,,
1117,B,11,
1118,B,11,
1119,B,11,
1120,,,
1121,,,
1122,,,
1123,B,11,
1124,B,11,
1125,B,11,
1126,B,11,
1127,B,11,
1128,,,
1129,B,11,
1130,B,11,
1131,,,
1132,,,
1133,,,
1134,,,
1135,B,10,
1136,B,10,
1137,B,10,
1138,B,10,
1139,,,
1140,,,
1141,B,10,
1142,B,10,
1143,B,10,
1144,B,10,
1145,,,
1146,,,
1147,B,11,
1148,B,11,
1149,B,11,
1150,,,
1151,,,
1152,,,
1153,B,11,
1154,B,11,
1155,,,
1156,,,
1157,,,
1158,,,
1159,B,11,
1160,B,11,
1161,B,11,
1162,,,
1163,,,
1164,,,
1165,B,12,
1166,B,12,
1167,B,12,
1168,,,
1169,,,
1170,,,
1171,B,10,
1172,B,10,
1173,B,10,
1174,B,10,
1175,B,10,
1176,,,
1177,B,11,
1178,B,11,
1179,,,
1180,,,
1181,,,
1182,,,
1183,B,11,
1184,B,11,
1185,B,11,
1186,B,11,
1187,B,11,
1188,,,
1189,B,11,
1190,B,11,
1191,B,11,
1192,B,11,
1193,B,11,
1194,B,11,
1195,,,
1196,B,11,
1197,B,11,
1198,B,11,
1199,,,
1200,,,
1201,B,11,
1202,B,11,
1203,B,11,
1204,,,
1205,,,
1206,,,
1207,B,10,
1208,B,10,
1209,B,10,
1210,,,
1211,,,
1212,,,
1213,B,11,
1214,B,11,
1215,B,11,
1216,,,
1217,,,
1218,,,
1219,B,9,
1220,B,9,
1221,B,9,
1222,B,9,
1223,,,
1224,,,
1225,B,9,
1226,B,9,
1227,B,9,
1228,B,9,
1229,,,
1230,,,
1231,B,10,
1232,B,10,
1233,B,10,
1234,B,10,
1235,B,10,
1236,,,
1237,B,10,
1238,B,10,
1239,B,10,
1240,B,10,
1241,,,
1242,,,
1243,B,10,
1244,B,10,
1245,B,10,
1246,,,
1247,,,
1248,,,
1249,B,10,
1250,B,10,
1251,B,10,
1252,B,10,
1253,,,
1254,,,
1255,B,11,
1256,B,11,
1257,B,11,
1258,B,11,
1259,,,
1260,,,
1261,B,10,
1262,B,10,
1263,B,10,
1264,B,10,
1265,B,10,
1266,,,
1267,B,10,
1268,B,10,
1269,B,10,
1270,B,10,
1271,B,10,
1272,B,10,
1273,B,10,
1274,B,10,
1275,B,10,
1276,B,10,
1277,B,10,
1278,,,
1279,,,
1280,B,11,
1281,,,
1282,,,
1283,,,
1284,,,
1285,B,11,
1286,B,11,
1287,B,11,
1288,,,
1289,,,
1290,,,
1291,B,10,
1292,B,10,
1293,B,10,
1294,,,
1295,,,
1296,,,
1297,B,9,
1298,B,9,
1299,B,9,
1300,,,
1301,,,
1302,,,
1303,B,8,
1304,B,8,
1305,B,8,
1306,B,8,
1307,B,8,
1308,,,
1309,B,9,
1310,B,9,
1311,B,9,
1312,B,9,
1313,B,9,
1314,B,8.5,
1315,B,10,
1316,B,10,
1317,B,10,
1318,B,10,
1319,B,10,
1320,B,10,
1321,B,8,
1322,B,8,
1323,B,8,
1324,,,
1325,,,
1326,,,
1327,B,9,
1328,B,9,
1329,B,9,
1330,B,9,
1331,B,9,
1332,,,
1333,,,
1334,,,
1335,B,8.5,
1336,B,8.5,
1337,B,8.5,
1338,B,8.5,
1339,,,
1340,,,
1341,,,
1342,B,8,
1343,B,8,
1344,B,8,
1345,B,9,
1346,B,9,
1347,B,9,
1348,B,9,
1349,B,9,
1350,,,
1351,,,
1352,,,
1353,B,8.5,
1354,B,8.5,
1355,B,8.5,
1356,,,
1357,B,8,
1358,B,8,
1359,,,
1360,,,
1361,,,
1362,,,
1363,B,10,
1364,B,10,
1365,B,10,
1366,B,10,
1367,B,10,
1368,,,
1369,B,9,
1370,B,9,
1371,B,9,
1372,B,9,
1373,,,
1374,,,
1375,B,10,
1376,B,10,
1377,B,10,
1378,B,10,
1379,,,
1380,,,
1381,B,9,
1382,B,9,
1383,B,9,
1384,,,
1385,,,
1386,,,
1387,B,10,
1388,B,10,
1389,,,
1390,,,
1391,,,
1392,,,
1393,B,10,
1394,B,10,
1395,B,10,
1396,B,10,
1397,,,
1398,,,
1399,B,10,
1400,B,10,
1401,B,10,
1402,,,
1403,,,
1404,,,
1405,B,10,
1406,B,10,
1407,B,10,
1408,B,9.5,
1409,B,9.5,
1410,,,
1411,B,11,
1412,B,11,
1413,B,11,
1414,,,
1415,,,
1416,,,
1417,B,10,
1418,B,10,
1419,B,10,
1420,B,10,
1421,B,10,
1422,,,
1423,B,10,
1424,B,10,
1425,B,10,
1426,B,10,
1427,,,
1428,,,
1429,B,8.5,
1430,B,8.5,
1431,B,8.5,
1432,,,
1433,,,
1434,,,
1435,B,11,
1436,B,11,
1437,B,11,
1438,B,11,
1439,B,11,
1440,,,
1441,B,10,
1442,B,10,
1443,B,10,
1444,,,
1445,,,
1446,,,
1447,B,11,
1448,B,11,
1449,B,11,
1450,B,11,
1451,B,11,
1452,B,11,
1453,B,10,
1454,B,10,
1455,B,10,
1456,,,
1457,,,
1458,,,
1459,B,9,
1460,B,9,
1461,B,9,
1462,B,9,
1463,B,8.5,
1464,B,8.5,
1465,B,10,
1466,B,10,
1467,B,9.5,
1468,,,
1469,,,
1470,,,
1471,B,10,
1472,B,10,
1473,,,
1474,,,
1475,,,
1476,,,
1477,B,11,
1478,B,11,
1479,B,11,
1480,,,
1481,,,
1482,,,
1483,B,10,
1484,B,10,
1485,B,10,
1486,B,10,
1487,,,
1488,,,
1489,B,10,
1490,B,10,
1491,B,10,
1492,,,
1493,,,
1494,,,
1495,B,10,
1496,B,10,
1497,B,10,
1498,,,
1499,,,
1500,,,
1501,B,10,
1502,B,10,
1503,B,10,
1504,B,10,
1505,,,
1506,,,
1507,B,9,
1508,B,9,
1509,B,9,
1510,,,
1511,,,
1512,,,
1513,B,10,
1514,B,10,
1515,B,10,
1516,B,10,
1517,B,10,
1518,,,
1519,B,10,
1520,B,10,
1521,B,10,
1522,B,10,
1523,,,
1524,,,
1525,,,
1526,B,10,
1527,B,10,
1528,,,
1529,,,
1530,,,
1531,B,9,
1532,B,9,
1533,B,9,
1534,,,
1535,,,
1536,,,
1537,B,9,
1538,B,9,
1539,B,9,
1540,,,
1541,,,
1542,,,
1543,B,9,
1544,B,9,
1545,B,9,
1546,B,9,
1547,B,9,
1548,B,9,
1549,B,9,
1550,B,9,
1551,B,9,
1552,,,
1553,,,
1554,,,
1555,B,10,
1556,B,10,
1557,B,10,
1558,B,10,
1559,,,
1560,,,
1561,B,10,
1562,B,10,
1563,B,10,
1564,,,
1565,,,
1566,,,
1567,B,10,
1568,B,10,
1569,B,10,
1570,B,10,
1571,,,
1572,,,
1573,B,10,
1574,B,9,
1575,B,10,
1576,,,
1577,,,
1578,,,
1579,B,10,
1580,B,10,
1581,B,10,
1582,B,10,
1583,,,
1584,,,
1585,B,9,
1586,B,9,
1587,B,9,
1588,B,9,
1589,B,9,
1590,,,
1591,B,11,
1592,B,11,
1593,B,11,
1594,,,
1595,,,
1596,,,
1597,B,8,
1598,B,8,
1599,B,8,
1600,B,8,
1601,,,
1602,,,
1603,B,8,
1604,B,8,
1605,B,8,
1606,B,8,
1607,,,
1608,,,
1609,B,8,
1610,B,8,
1611,,,
1612,,,
1613,,,
1614,,,
1615,B,8,
1616,B,8,
1617,B,8,
1618,,,
1619,,,
1620,,,
1621,B,7,
1622,B,7,
1623,B,7,
1624,B,7,
1625,,,
1626,,,
1627,B,7,
1628,B,7,
1629,B,7,
1630,B,7,
1631,B,7,
1632,,,
1633,B,7,
1634,B,7,
1635,B,7,
1636,B,7,
1637,B,7,
1638,,,
1639,B,10,
1640,B,10,
1641,B,10,
1642,B,10,
1643,B,10,
1644,,,
1645,B,10,
1646,B,10,
1647,B,10,
1648,B,10,
1649,B,10,
1650,,,
1651,B,11,
1652,B,11,
1653,B,11,
1654,,,
1655,,,
1656,,,
1657,,,
1658,B,10,
1659,B,10,
1660,,,
1661,,,
1662,,,
1663,B,9,
1664,B,9,
1665,B,9,
1666,B,9,
1667,B,9,
1668,,,
1669,B,9,
1670,B,9,
1671,B,9,
1672,B,9,
1673,B,9,
1674,,,
1675,B,9,
1676,B,9,
1677,B,9,
1678,,,
1679,,,
1680,,,
1681,B,9,
1682,B,9,
1683,B,9,
1684,B,9,
1685,B,9,
1686,B,9,
1687,B,9,
1688,B,9,
1689,B,9,
1690,B,9,
1691,,,
1692,,,
1693,B,9,
1694,B,9,
1695,B,9,
1696,,,
1697,,,
1698,,,
1699,B,9,
1700,B,9,
1701,B,9,
1702,,,
1703,,,
1704,,,
1705,B,9,
1706,B,9,
1707,B,9,
1708,B,8.5,
1709,B,8.5,
1710,,,
1711,B,9,
1712,B,9,
1713,B,9,
1714,B,9,
1715,B,9,
1716,B,9,
1717,B,9,
1718,B,9,
1719,B,9,
1720,B,9,
1721,,,
1722,,,
1723,B,10.5,
1724,B,10.5,
1725,B,10.5,
1726,,,
1727,,,
1728,,,
1729,B,11,
1730,B,11,
1731,B,11,
1732,,,
1733,,,
1734,,,
1735,B,11,
1736,B,11,
1737,B,11,
1738,,,
1739,,,
1740,,,
1741,B,11,
1742,B,11,
1743,B,11,
1744,,,
1745,,,
1746,,,
1747,B,11,
1748,B,11,
1749,,,
1750,,,
1751,,,
1752,,,
1753,B,11,
1754,B,11,
1755,B,11,
1756,B,11,
1757,,,
1758,,,
1759,B,11,
1760,B,11,
1761,B,11,
1762,B,11,
1763,,,
1764,,,
1765,B,9,
1766,B,9,
1767,B,9,
1768,,,
1769,,,
1770,,,
1771,B,8,
1772,B,8,
1773,B,8,
1774,,,
1775,,,
1776,,,
1777,B,8,
1778,B,8,
1779,B,8,
1780,B,8,
1781,,,
1782,,,
1783,B,8,
1784,B,8,
1785,B,8,
1786,,,
1787,,,
1788,,,
1789,B,9,
1790,B,9,
1791,B,9,
1792,,,
1793,,,
1794,,,
1795,B,9,
1796,B,9,
1797,B,9,
1798,B,9,
1799,B,9,
1800,,,
1801,B,9,
1802,B,9,
1803,B,9,
1804,,,
1805,,,
1806,,,
1807,B,12,
1808,B,12,
1809,B,12,
1810,,,
1811,,,
1812,,,
1813,B,12,
1814,B,12,
1815,,,
1816,,,
1817,,,
1818,,,
1819,B,12,
1820,B,12,
1821,B,12,
1822,,,
1823,,,
1824,,,
1825,B,12,
1826,B,12,
1827,B,12,
1828,,,
1829,,,
1830,,,
1831,B,12,
1832,B,12,
1833,B,12,
1834,,,
1835,,,
1836,,,
1837,B,11.5,
1838,B,12,
1839,,,
1840,,,
1841,,,
1842,,,
1843,B,12,
1844,B,12,
1845,B,12,
1846,B,12,
1847,B,12,
1848,,,
1849,B,12,
1850,B,12,
1851,B,12,
1852,,,
1853,,,
1854,,,
1855,B,12,
1856,B,12,
1857,B,12,
1858,,,
1859,,,
1860,,,
1861,B,11,
1862,B,11,
1863,B,11,
1864,,,
1865,,,
1866,,,
1867,,,
1868,,,
1869,,,
1870,,,
1871,B,11,
1872,B,11,
1873,B,11,
1874,B,12,
1875,B,12,
1876,B,12,
1877,,,
1878,,,
1879,,,
1880,B,12,
1881,B,12,
1882,,,
1883,,,
1884,,,
1885,,,
1886,B,11,
1887,B,11,
1888,,,
1889,,,
1890,,,
1891,,,
1892,B,12,
1893,B,12,
1894,B,12,
1895,B,12,
1896,B,12,
1897,B,12,
1898,B,11,
1899,B,11,
1900,B,11,
1901,B,11,
1902,B,11,
1903,,,
1904,B,12,
1905,B,12,
1906,B,12,
1907,,,
1908,,,
1909,,,
1910,B,12,
1911,B,12,
1912,B,12,
1913,,,
1914,,,
1915,,,
1916,B,12,
1917,B,12,
1918,B,12,
1919,,,
1920,,,
1921,,,
1922,B,12,
1923,B,12,
1924,B,12,
1925,,,
1926,,,
1927,,,
1928,B,12,
1929,B,12,
1930,B,12,
1931,,,
1932,,,
1933,,,
1934,B,12,
1935,B,12,
1936,B,12,
1937,,,
1938,,,
1939,,,
1940,B,12,
1941,B,12,
1942,B,12,
1943,B,12,
1944,,,
1945,,,
1946,B,12,
1947,B,12,
1948,B,12,
1949,B,12,
1950,,,
1951,,,
1952,B,11,
1953,B,11,
1954,B,11,
1955,,,
1956,,,
1957,,,
1958,B,12,
1959,B,12,
1960,,,
1961,,,
1962,,,
1963,,,
1964,B,13,
1965,B,13,
1966,B,13,
1967,B,13,
1968,,,
1969,,,
1970,B,13,
1971,B,13,
1972,B,13,
1973,,,
1974,,,
1975,,,
1976,,,
1977,,,
1978,,,
1979,,,
1980,B,11,
1981,B,11,
1982,B,12,
1983,B,12,
1984,,,
1985,,,
1986,,,
1987,,,
1988,B,11,
1989,B,11,
1990,B,11,
1991,B,11,
1992,,,
1993,,,
1994,B,11,
1995,B,11,
1996,B,11,
1997,B,11,
1998,,,
1999,,,
2000,B,12,
2001,B,12,
2002,,,
2003,,,
2004,,,
2005,,,
2006,B,12,
2007,B,12,
2008,B,12,
2009,,,
2010,,,
2011,,,
2012,B,12,
2013,B,12,
2014,,,
2015,,,
2016,,,
2017,,,
2018,B,10,
2019,B,10,
2020,B,10,
2021,B,10,
2022,,,
2023,,,
2024,B,10,
2025,B,10,
2026,,,
2027,,,
2028,,,
2029,,,
2030,B,10,
2031,B,10,
2032,,,
2033,,,
2034,,,
2035,,,
2036,B,10,
2037,B,11,
2038,B,11,
2039,B,11,
2040,,,
2041,,,
2042,B,11,
2043,B,11,
2044,B,11,
2045,,,
2046,,,
2047,,,
2048,B,9,
2049,B,9,
2050,B,9,
2051,B,9,
2052,,,
2053,,,
2054,B,9,
2055,,,
2056,B,9,
2057,,,
2058,,,
2059,,,
2060,B,13,
2061,B,13,
2062,,,
2063,,,
2064,,,
2065,,,
2066,B,13,
2067,B,13,
2068,B,13,
2069,,,
2070,,,
2071,,,
2072,B,13,
2073,B,13,
2074,,,
2075,,,
2076,,,
2077,,,
2078,B,11,
2079,B,11,
2080,B,11,
2081,,,
2082,,,
2083,,,
2084,B,11,
2085,B,11,
2086,B,11,
2087,,,
2088,,,
2089,,,
2090,B,11,
2091,B,11,
2092,B,11,
2093,,,
2094,,,
2095,,,
2096,B,11,
2097,B,11,
2098,B,11,
2099,B,11,
2100,B,11,
2101,,,
2102,B,12,
2103,B,12,
2104,B,12,
2105,,,
2106,,,
2107,,,
2108,,,
2109,,,
2110,,,
2111,,,
2112,B,12,
2113,B,12,
2114,B,10,
2115,B,10,
2116,B,10,
2117,,,
2118,,,
2119,,,
2120,B,11,
2121,B,11,
2122,B,11,
2123,,,
2124,,,
2125,,,
2126,B,11,
2127,B,11,
2128,B,11,
2129,,,
2130,,,
2131,,,
2132,B,11,
2133,B,11,
2134,B,11,
2135,B,11,
2136,,,
2137,,,
2138,B,11,
2139,B,11,
2140,,,
2141,,,
2142,,,
2143,,,
2144,B,11,
2145,B,11,
2146,,,
2147,,,
2148,,,
2149,,,
2150,B,10,
2151,B,10,
2152,B,10,
2153,,,
2154,,,
2155,,,
2156,B,11,
2157,B,11,
2158,,,
2159,,,
2160,,,
2161,,,
2162,,,
2163,B,10,
2164,B,11,
2165,B,11,
2166,B,11,
2167,,,
2168,B,11,
2169,B,11,
2170,B,11,
2171,,,
2172,,,
2173,,,
2174,H,12,
2175,,,
2176,,,
2177,,,
2178,,,
2179,,,
2180,B,11,
2181,B,11,
2182,B,11,
2183,B,11,
2184,,,
2185,,,
2186,B,11,
2187,B,11,
2188,B,11,
2189,B,11,
2190,,,
2191,,,
2192,B,11,
2193,B,10.5,
2194,B,11,
2195,B,11,
2196,,,
2197,,,
2198,B,10,
2199,B,10,
2200,B,10,
2201,,,
2202,,,
2203,,,
2204,B,11,
2205,B,11,
2206,B,11,
2207,,,
2208,,,
2209,,,
2210,B,8,
2211,B,8,
2212,B,8,
2213,,,
2214,,,
2215,,,
2216,B,9,
2217,B,9,
2218,B,9,
2219,,,
2220,,,
2221,,,
2222,H,9,
2223,H,9,
2224,,,
2225,,,
2226,,,
2227,,,
2228,B,8.5,
2229,B,8.5,
2230,B,8,
2231,B,8,
2232,B,8.5,
2233,,,
2234,B,8.5,
2235,B,8.5,
2236,B,8.5,
2237,,,
2238,,,
2239,,,
2240,B,8.5,
2241,B,8.5,
2242,B,8.5,
2243,B,8,
2244,,,
2245,,,
2246,B,8.5,
2247,B,8.5,
2248,B,8.5,
2249,,,
2250,,,
2251,,,
2252,,,
2253,,,
2254,,,
2255,,,
2256,B,7,
2257,B,7,
2258,B,9,
2259,B,9,
2260,B,9,
2261,B,9,
2262,B,9,
2263,B,9,
2264,B,9,
2265,B,9,
2266,B,9,
2267,B,9,
2268,B,9,
2269,B,9,
2270,B,9,
2271,B,9,
2272,B,9,
2273,B,9,
2274,,,
2275,,,
2276,B,8,
2277,B,8,
2278,B,8,
2279,,,
2280,,,
2281,,,
2282,B,8,
2283,B,8,
2284,B,8,
2285,,,
2286,,,
2287,,,
2288,B,8.5,
2289,,,
2290,,,
2291,,,
2292,,,
2293,,,
2294,B,9,
2295,B,9,
2296,,,
2297,,,
2298,,,
2299,,,
2300,B,7,
2301,B,7,
2302,,,
2303,,,
2304,,,
2305,,,
2306,B,7,
2307,B,7,
2308,B,7,
2309,B,7,
2310,B,7,
2311,,,
2312,B,9,
2313,B,9,
2314,,,
2315,,,
2316,,,
2317,,,
2318,B,9.5,
2319,B,9.5,
2320,B,9.5,
2321,B,9.5,
2322,,,
2323,,,
2324,B,9,
2325,B,9,
2326,B,9,
2327,,,
2328,,,
2329,,,
2330,B,9,
2331,B,9,
2332,,,
2333,,,
2334,,,
2335,,,
2336,B,9,
2337,B,9,
2338,,,
2339,,,
2340,,,
2341,,,
2342,B,9,
2343,B,9,
2344,,,
2345,,,
2346,,,
2347,,,
2348,,,
2349,B,10,
2350,,,
2351,,,
2352,,,
2353,,,
2354,B,12,
2355,B,12,
2356,B,12,
2357,,,
2358,,,
2359,,,
2360,B,11,
2361,B,11,
2362,B,11,
2363,B,11,
2364,B,11,
2365,B,11,
2366,B,11,
2367,B,11,
2368,B,11,
2369,B,11,
2370,B,11,
2371,B,11,
2372,B,11,
2373,B,11,
2374,B,11,
2375,B,11,
2376,,,
2377,,,
2378,B,11,
2379,B,11,
2380,,,
2381,,,
2382,,,
2383,,,
2384,B,11,
2385,B,11,
2386,,,
2387,,,
2388,,,
2389,,,
2390,B,11,
2391,B,11,
2392,,,
2393,,,
2394,,,
2395,,,
2396,B,8.5,
2397,B,8.5,
2398,B,8.5,
2399,,,
2400,,,
2401,,,
2402,B,8.5,
2403,B,8.5,
2404,B,8.5,
2405,,,
2406,,,
2407,,,
2408,,,
2409,,,
2410,B,10,
2411,B,10,
2412,,,
2413,,,
2414,B,9,
2415,B,9,
2416,,,
2417,,,
2418,,,
2419,,,
2420,B,7,
2421,B,7,
2422,B,7,
2423,,,
2424,,,
2425,,,
2426,B,7,
2427,B,7,
2428,,,
2429,,,
2430,,,
2431,,,
2432,B,8,
2433,B,8,
2434,,,
2435,,,
2436,,,
2437,,,
2438,B,10,
2439,B,10,
2440,,,
2441,,,
2442,,,
2443,,,
2444,B,10,
2445,B,10,
2446,,,
2447,,,
2448,,,
2449,,,
2450,,,
2451,B,11,
2452,B,11,
2453,,,
2454,,,
2455,,,
2456,B,9,
2457,B,9,
2458,,,
2459,,,
2460,,,
2461,,,
2462,B,9,
2463,B,9,
2464,B,9,
2465,,,
2466,,,
2467,,,
2468,B,10,
2469,B,10,
2470,,,
2471,,,
2472,,,
2473,,,
2474,B,11,
2475,B,11,
2476,B,11,
2477,,,
2478,,,
2479,,,
2480,B,7,
2481,,,
2482,,,
2483,,,
2484,,,
2485,,,
2486,B,8,
2487,,,
2488,,,
2489,,,
2490,,,
2491,,,
2492,,,
2493,,,
2494,,,
2495,,,
2496,,,
2497,B,9,
2498,B,10,
2499,B,10,
2500,,,
2501,,,
2502,,,
2503,,,
2504,,,
2505,,,
2506,,,
2507,B,10,
2508,B,10,
2509,B,10,
2510,B,10,
2511,B,10,
2512,,,
2513,,,
2514,,,
2515,,,
2516,B,11,
2517,,,
2518,,,
2519,,,
2520,,,
2521,,,
2522,B,13,
2523,B,13,
2524,B,13,
2525,B,12.5,
2526,,,
2527,,,
2528,B,13,
2529,B,13,
2530,,,
2531,,,
2532,,,
2533,,,
2534,B,13,
2535,,,
2536,,,
2537,,,
2538,,,
2539,,,
2540,B,13,
2541,B,13,
2542,,,
2543,,,
2544,,,
2545,,,
2546,B,13,
2547,B,12.5,
2548,,,
2549,,,
2550,,,
2551,,,
2552,B,13,
2553,B,13,
2554,B,13,
2555,B,13,
2556,,,
2557,,,
2558,B,13,
2559,B,13,
2560,,,
2561,,,
2562,,,
2563,,,
2564,B,13,
2565,B,13,
2566,B,13,
2567,,,
2568,,,
2569,,,
2570,B,13,
2571,B,13,
2572,B,13,
2573,,,
2574,,,
2575,,,
2576,B,13,
2577,B,13,
2578,B,13,
2579,B,13,
2580,B,13,
2581,,,
2582,B,13,
2583,B,13,
2584,B,13,
2585,,,
2586,,,
2587,,,
2588,B,13,
2589,B,12,
2590,B,13,
2591,B,13,
2592,B,13,
2593,,,
2594,B,13,
2595,B,12.5,
2596,B,13,
2597,B,13,
2598,,,
2599,,,
2600,B,13,
2601,B,13,
2602,B,13,
2603,,,
2604,,,
2605,,,
2606,B,13,
2607,B,13,
2608,B,12.5,
2609,,,
2610,B,13,
2611,B,13,
2612,B,13,
2613,,,
2614,,,
2615,,,
2616,B,13,
2617,B,13,
2618,B,13,
2619,,,
2620,,,
2621,,,
2622,B,13,
2623,B,13,
2624,B,13,
2625,,,
2626,,,
2627,,,
2628,B,13,
2629,B,13,
2630,,,
2631,,,
2632,,,
2633,,,
2634,B,12.5,
2635,B,13,
2636,B,13,
2637,B,13,
2638,,,
2639,,,
2640,B,13,
2641,B,13,
2642,B,13,
2643,B,13,
2644,,,
2645,,,
2646,B,13,
2647,B,13,
2648,B,13,
2649,B,13,
2650,,,
2651,,,
2652,B,13,
2653,B,13,
2654,B,13,
2655,,,
2656,,,
2657,,,
2658,B,13,
2659,B,13,
2660,B,13,
2661,,,
2662,,,
2663,,,
2664,B,13,
2665,B,13,
2666,,,
2667,,,
2668,,,
2669,,,
2670,B,13,
2671,B,13,
2672,B,13,
2673,,,
2674,,,
2675,,,
2676,B,13,
2677,B,13,
2678,B,13,
2679,,,
2680,,,
2681,,,
2682,B,13,
2683,B,13,
2684,B,13,
2685,,,
2686,,,
2687,,,
2688,B,13,
2689,B,13,
2690,B,13,
2691,B,13,
2692,B,13,
2693,,,
2694,B,13,
2695,B,13,
2696,B,13,
2697,,,
2698,,,
2699,,,
2700,B,13,
2701,B,13,
2702,B,13,
2703,,,
2704,,,
2705,,,
2706,B,13,
2707,B,13,
2708,B,13,
2709,,,
2710,,,
2711,,,
2712,B,13,
2713,B,13,
2714,B,13,
2715,,,
2716,,,
2717,,,
2718,B,13,
2719,B,13,
2720,,,
2721,,,
2722,,,
2723,,,
2724,B,13,
2725,B,13,
2726,,,
2727,,,
2728,,,
2729,,,
2730,,,
2731,,,
2732,,,
2733,,,
2734,,,
2735,,,
2736,,,
2737,,,
2738,,,
2739,,,
2740,,,
2741,,,
2742,,,
2743,,,
2744,,,
2745,,,
2746,,,
2747,,,
2748,,,
2749,,,
2750,,,
2751,,,
2752,,,
2753,,,
2754,,,
2755,,,
2756,,,
2757,,,
2758,,,
2759,,,
2760,,,
2761,,,
2762,,,
2763,,,
2764,,,
2765,,,
2766,,,
2767,,,
2768,,,
2769,,,
2770,,,
2771,,,
2772,,,
2773,,,
2774,,,
2775,,,
2776,,,
2777,,,
2778,,,
2779,,,
2780,,,
2781,,,
2782,,,
2783,,,
2784,,,
2785,,,
2786,,,
2787,,,
2788,,,
2789,,,
2790,,,
2791,,,
2792,,,
2793,,,
2794,,,
2795,,,
2796,,,
2797,,,
2798,,,
2799,,,
2800,,,
2801,,,
2802,,,
2803,,,
2804,,,
2805,,,
2806,,,
2807,,,
2808,,,
2809,,,
2810,,,
2811,,,
2812,,,
2813,,,
2814,,,
2815,,,
2816,,,
2817,,,
2818,,,
2819,,,
2820,,,
2821,,,
2822,,,
2823,,,
2824,,,
2825,,,
2826,,,
2827,,,
2828,,,
2829,,,
2830,,,
2831,,,
2832,,,
2833,,,
2834,,,
2835,,,
2836,,,
2837,,,
2838,,,
2839,,,
2840,,,
2841,,,
2842,,,
2843,,,
2844,,,
2845,,,
2846,,,
2847,,,
2848,,,
2849,,,
2850,,,
2851,,,
2852,,,
2853,,,
2854,,,
2855,,,
2856,,,
2857,,,
2858,,,
2859,,,
2860,,,
2861,,,
2862,,,
2863,,,
2864,,,
2865,,,
2866,,,
2867,,,
2868,,,
2869,,,
2870,,,
2871,,,
2872,,,
2873,,,
2874,,,
2875,,,
2876,,,
2877,,,
2878,,,
2879,,,
2880,,,
2881,,,
2882,,,
2883,,,
2884,,,
2885,,,
2886,,,
2887,,,
2888,,,
2889,,,
2890,,,
2891,,,
2892,,,
2893,,,
2894,,,
2895,,,
2896,,,
2897,,,
2898,,,
2899,,,
2900,,,
2901,,,
2902,,,
2903,,,
2904,,,
2905,,,
2906,,,
2907,,,
2908,,,
2909,,,
2910,,,
2911,,,
2912,,,
2913,,,
2914,,,
2915,,,
2916,,,
2917,,,
2918,,,
2919,,,
2920,,,
2921,,,
2922,,,
2923,,,
2924,,,
2925,,,
2926,,,
2927,,,
2928,,,
2929,,,
2930,,,
2931,,,
2932,,,
2933,,,
2934,,,
2935,,,
2936,,,
2937,,,
2938,,,
2939,,,
2940,,,
2941,,,
2942,,,
2943,,,
2944,,,
2945,,,
2946,,,
2947,,,
2948,,,
2949,,,
2950,,,
2951,,,
2952,,,
2953,,,
2954,,,
2955,,,
2956,,,
2957,,,
2958,,,
2959,,,
2960,,,
2961,,,
2962,,,
2963,,,
2964,,,
2965,,,
2966,,,
2967,,,
2968,,,
2969,,,
2970,,,
2971,,,
2972,,,
2973,,,
2974,,,
2975,,,
2976,,,
2977,,,
2978,,,
2979,,,
2980,,,
2981,,,
2982,,,
2983,,,
2984,,,
2985,,,
2986,,,
2987,,,
2988,,,
2989,,,
2990,,,
2991,,,
2992,,,
2993,,,
2994,,,
2995,,,
2996,,,
2997,,,
2998,,,
2999,,,
3000,,,
3001,,,
3002,,,
3003,,,
3004,,,
3005,,,
3006,,,
3007,,,
3008,,,
3009,,,
3010,,,
3011,,,
3012,,,
3013,,,
3014,,,
3015,,,
3016,,,
3017,,,
3018,,,
3019,,,
3020,,,
3021,,,
3022,,,
3023,,,
3024,,,
3025,,,
3026,,,
3027,,,
3028,,,
3029,,,
3030,,,
3031,,,
3032,,,
3033,,,
3034,,,
3035,,,
3036,,,
3037,,,
3038,,,
3039,,,
3040,,,
3041,,,
3042,,,
3043,,,
3044,,,
3045,,,
3046,,,
3047,,,
3048,,,
3049,,,
3050,,,
3051,,,
3052,,,
3053,,,
3054,,,
3055,,,
3056,,,
3057,,,
3058,,,
3059,,,
3060,,,
3061,,,
3062,,,
3063,,,
3064,,,
3065,,,
3066,,,
3067,,,
3068,,,
3069,,,
3070,,,
3071,,,
3072,,,
3073,,,
3074,,,
3075,,,
3076,,,
3077,,,
3078,,,
3079,,,
3080,,,
3081,,,
3082,,,
3083,,,
3084,,,
3085,,,
3086,,,
3087,,,
3088,,,
3089,,,
3090,,,
3091,,,
3092,,,
3093,,,
3094,,,
3095,,,
3096,,,
3097,,,
3098,,,
3099,,,
3100,,,
3101,,,
3102,,,
3103,,,
3104,,,
3105,,,
3106,,,
3107,,,
3108,,,
3109,,,
3110,,,
3111,,,
3112,,,
3113,,,
3114,,,
3115,,,
3116,,,
3117,,,
3118,,,
3119,,,
3120,,,
3121,,,
3122,,,
3123,,,
3124,,,
3125,,,
3126,,,
3127,,,
3128,,,
3129,,,
3130,,,
3131,,,
3132,,,
3133,,,
3134,,,
3135,,,
3136,,,
3137,,,
3138,,,
3139,,,
3140,,,
3141,,,
3142,,,
3143,,,
3144,,,
3145,,,
3146,,,
3147,,,
3148,,,
3149,,,
3150,,,
3151,,,
3152,,,
3153,,,
3154,,,
3155,,,
3156,,,
3157,,,
3158,,,
3159,,,
3160,,,
3161,,,
3162,,,
3163,,,
3164,,,
3165,,,
3166,,,
3167,,,
3168,,,
3169,,,
3170,,,
3171,,,
3172,,,
3173,,,
3174,,,
3175,,,
3176,,,
3177,,,
3178,,,
3179,,,
3180,,,
3181,,,
3182,,,
3183,,,
3184,,,
3185,,,
3186,,,
3187,,,
3188,,,
3189,,,
3190,,,
3191,,,
3192,,,
3193,,,
3194,,,
3195,,,
3196,,,
3197,,,
3198,,,
3199,,,
3200,,,
3201,,,
3202,,,
3203,,,
3204,,,
3205,,,
3206,,,
3207,,,
3208,,,
3209,,,
3210,,,
3211,,,
3212,,,
3213,,,
3214,,,
3215,,,
3216,,,
3217,,,
3218,,,
3219,,,
3220,,,
3221,,,
3222,,,
3223,,,
3224,,,
3225,,,
3226,,,
3227,,,
3228,,,
3229,,,
3230,,,
3231,,,
3232,,,
3233,,,
3234,,,
3235,,,
3236,,,
3237,,,
3238,,,
3239,,,
3240,,,
3241,,,
3242,,,
3243,,,
3244,,,
3245,,,
3246,,,
3247,,,
3248,,,
3249,,,
3250,,,
3251,,,
3252,,,
3253,,,
3254,,,
3255,,,
3256,,,
3257,,,
3258,,,
3259,,,
3260,,,
3261,,,
3262,,,
3263,,,
3264,,,
3265,,,
3266,,,
3267,,,
3268,,,
3269,,,
3270,,,
3271,,,
3272,,,
3273,,,
3274,,,
3275,,,
3276,,,
3277,,,
3278,,,
3279,,,
3280,,,
3281,,,
3282,,,
3283,,,
3284,,,
3285,,,
3286,,,
3287,,,
3288,,,
3289,,,
3290,,,
3291,,,
3292,,,
3293,,,
3294,,,
3295,,,
3296,,,
3297,,,
3298,,,
3299,,,
3300,,,
3301,,,
3302,,,
3303,,,
3304,,,
3305,,,
3306,,,
3307,,,
3308,,,
3309,,,
3310,,,
3311,,,
3312,,,
3313,,,
3314,,,
3315,,,
3316,,,
3317,,,
3318,,,
3319,,,
3320,,,
3321,,,
3322,,,
3323,,,
3324,,,
3325,,,
3326,,,
3327,,,
3328,,,
3329,,,
3330,,,
3331,,,
3332,,,
3333,,,
3334,,,
3335,,,
3336,,,
3337,,,
3338,,,
3339,,,
3340,,,
3341,,,
3342,,,
3343,,,
3344,,,
3345,,,
3346,,,
3347,,,
3348,,,
3349,,,
3350,,,
3351,,,
3352,,,
3353,,,
3354,,,
3355,,,
3356,,,
3357,,,
3358,,,
3359,,,
3360,,,
3361,,,
3362,,,
3363,,,
3364,,,
3365,,,
3366,,,
3367,,,
3368,,,
3369,,,
3370,,,
3371,,,
3372,,,
3373,,,
3374,,,
3375,,,
3376,,,
3377,,,
3378,,,
3379,,,
3380,,,
3381,,,
3382,,,
3383,,,
3384,,,
3385,,,
3386,,,
3387,,,
3388,,,
3389,,,
3390,,,
3391,,,
3392,,,
3393,,,
3394,,,
3395,,,
3396,,,
3397,,,
3398,,,
3399,,,
3400,,,
3401,,,
3402,,,
3403,,,
3404,,,
3405,,,
3406,,,
3407,,,
3408,,,
3409,,,
3410,,,
3411,,,
3412,,,
3413,,,
3414,,,
3415,,,
3416,,,
3417,,,
3418,,,
3419,,,
3420,,,
3421,,,
3422,,,
3423,,,
3424,,,
3425,,,
3426,,,
3427,,,
3428,,,
3429,,,
3430,,,
3431,,,
3432,,,
3433,,,
3434,,,
3435,,,
3436,,,
3437,,,
3438,,,
3439,,,
3440,,,
3441,,,
3442,,,
3443,,,
3444,,,
3445,,,
3446,,,
3447,,,
3448,,,
3449,,,
3450,,,
3451,,,
3452,,,
3453,,,
3454,,,
3455,,,
3456,,,
3457,,,
3458,,,
3459,,,
3460,,,
3461,,,
3462,,,
3463,,,
3464,,,
3465,,,
3466,,,
3467,,,
3468,,,
3469,,,
3470,,,
3471,,,
3472,,,
3473,,,
3474,,,
3475,,,
3476,,,
3477,,,
3478,,,
3479,,,
3480,,,
3481,,,
3482,,,
3483,,,
3484,,,
3485,,,
3486,,,
3487,,,
3488,,,
3489,,,
3490,,,
3491,,,
3492,,,
3493,,,
3494,,,
3495,,,
3496,,,
3497,,,
3498,,,
3499,,,
3500,,,
3501,,,
3502,,,
3503,,,
3504,,,
3505,,,
3506,,,
3507,,,
3508,,,
3509,,,
3510,,,
3511,,,
3512,,,
3513,,,
3514,,,
3515,,,
3516,,,
3517,,,
3518,,,
3519,,,
3520,,,
3521,,,
3522,,,
3523,,,
3524,,,
3525,,,
3526,,,
3527,,,
3528,,,
3529,,,
3530,,,
3531,,,
3532,,,
3533,,,
3534,,,
3535,,,
3536,,,
3537,,,
3538,,,
3539,,,
3540,,,
3541,,,
3542,,,
3543,,,
3544,,,
3545,,,
3546,,,
3547,,,
3548,,,
3549,,,
3550,,,
3551,,,
3552,,,
3553,,,
3554,,,
3555,,,
3556,,,
3557,,,
3558,,,
3559,,,
3560,,,
3561,,,
3562,,,
3563,,,
3564,,,
3565,,,
3566,,,
3567,,,
3568,,,
3569,,,
3570,,,
3571,,,
3572,,,
3573,,,
3574,,,
3575,,,
3576,,,
3577,,,
3578,,,
3579,,,
3580,,,
3581,,,
3582,,,
3583,,,
3584,,,
3585,,,
3586,,,
3587,,,
3588,,,
3589,,,
3590,,,
3591,,,
3592,,,
3593,,,
3594,,,
3595,,,
3596,,,
3597,,,
3598,,,
3599,,,
3600,,,
3601,,,
3602,,,
3603,,,
3604,,,
3605,,,
3606,,,
3607,,,
3608,,,
3609,,,
3610,,,
3611,,,
3612,,,
3613,,,
3614,,,
3615,,,
3616,,,
3617,,,
3618,,,
3619,,,
3620,,,
3621,,,
3622,,,
3623,,,
3624,,,
3625,,,
3626,,,
3627,,,
3628,,,
3629,,,
3630,,,
3631,,,
3632,,,
3633,,,
3634,,,
3635,,,
3636,,,
3637,,,
3638,,,
3639,,,
3640,,,
3641,,,
3642,,,
3643,,,
3644,,,
3645,,,
3646,,,
3647,,,
3648,,,
3649,,,
3650,,,
3651,,,
3652,,,
3653,,,
3654,,,
3655,,,
3656,,,
3657,,,
3658,,,
3659,,,
3660,,,
3661,,,
3662,,,
3663,,,
3664,,,
3665,,,
3666,,,
3667,,,
3668,,,
3669,,,
3670,,,
3671,,,
3672,,,
3673,,,
3674,,,
3675,,,
3676,,,
3677,,,
3678,,,
3679,,,
3680,,,
3681,,,
3682,,,
3683,,,
3684,,,
3685,,,
3686,,,
3687,,,
3688,,,
3689,,,
3690,,,
3691,,,
3692,,,
3693,,,
3694,,,
3695,,,
3696,,,
3697,,,
3698,,,
3699,,,
3700,,,
3701,,,
3702,,,
3703,,,
3704,,,
3705,,,
3706,,,
3707,,,
3708,,,
3709,,,
3710,,,
3711,,,
3712,,,
3713,,,
3714,,,
3715,,,
3716,,,
3717,,,
3718,,,
3719,,,
3720,,,
3721,,,
3722,,,
3723,,,
3724,,,
3725,,,
3726,,,
3727,,,
3728,,,
3729,,,
3730,,,
3731,,,
3732,,,
3733,,,
3734,,,
3735,,,
3736,,,
3737,,,
3738,,,
3739,,,
3740,,,
3741,,,
3742,,,
3743,,,
3744,,,
3745,,,
3746,,,
3747,,,
3748,,,
3749,,,
3750,,,
3751,,,
3752,,,
3753,,,
3754,,,
3755,,,
3756,,,
3757,,,
3758,,,
3759,,,
3760,,,
3761,,,
3762,,,
3763,,,
3764,,,
3765,,,
3766,,,
3767,,,
3768,,,
3769,,,
3770,,,
3771,,,
3772,,,
3773,,,
3774,,,
3775,,,
3776,,,
3777,,,
3778,,,
3779,,,
3780,,,
3781,,,
3782,,,
3783,,,
3784,,,
3785,,,
3786,,,
3787,,,
3788,,,
3789,,,
3790,,,
3791,,,
3792,,,
3793,,,
3794,,,
3795,,,
3796,,,
3797,,,
3798,,,
3799,,,
3800,,,
3801,,,
3802,,,
3803,,,
3804,,,
3805,,,
3806,,,
3807,,,
3808,,,
3809,,,
3810,,,
3811,,,
3812,,,
3813,,,
3814,,,
3815,,,
3816,,,
3817,,,
3818,,,
3819,,,
3820,,,
3821,,,
3822,,,
3823,,,
3824,,,
3825,,,
3826,,,
3827,,,
3828,,,
3829,,,
3830,,,
3831,,,
3832,,,
3833,,,
3834,,,
3835,,,
3836,,,
3837,,,
3838,,,
3839,,,
3840,,,
3841,,,
3842,,,
3843,,,
3844,,,
3845,,,
3846,,,
3847,,,
3848,,,
3849,,,
3850,,,
3851,,,
3852,,,
3853,,,
3854,,,
3855,,,
3856,,,
3857,,,
3858,,,
3859,,,
3860,,,
3861,,,
3862,,,
3863,,,
3864,,,
3865,,,
3866,,,
3867,,,
3868,,,
3869,,,
3870,,,
3871,,,
3872,,,
3873,,,
3874,,,
3875,,,
3876,,,
3877,,,
3878,,,
3879,,,
3880,,,
3881,,,
3882,,,
3883,,,
3884,,,
3885,,,
3886,,,
3887,,,
3888,,,
3889,,,
3890,,,
3891,,,
3892,,,
3893,,,
3894,,,
3895,,,
3896,,,
3897,,,
3898,,,
3899,,,
3900,,,
3901,,,
3902,,,
3903,,,
3904,,,
3905,,,
3906,,,
3907,,,
3908,,,
3909,,,
3910,,,
3911,,,
3912,,,
3913,,,
3914,,,
3915,,,
3916,,,
3917,,,
3918,,,
3919,,,
3920,,,
3921,,,
3922,,,
3923,,,
3924,,,
3925,,,
3926,,,
3927,,,
3928,,,
3929,,,
3930,,,
3931,,,
3932,,,
3933,,,
3934,,,
3935,,,
3936,,,
3937,,,
3938,,,
3939,,,
3940,,,
3941,,,
3942,,,
3943,,,
3944,,,
3945,,,
3946,,,
3947,,,
3948,,,
3949,,,
3950,,,
3951,,,
3952,,,
3953,,,
3954,,,
3955,,,
3956,,,
3957,,,
3958,,,
3959,,,
3960,,,
3961,,,
3962,,,
3963,,,
3964,,,
3965,,,
3966,,,
3967,,,
3968,,,
3969,,,
3970,,,
3971,,,
3972,,,
3973,,,
3974,,,
3975,,,
3976,,,
3977,,,
3978,,,
3979,,,
3980,,,
3981,,,
3982,,,
3983,,,
3984,,,
3985,,,
3986,,,
3987,,,
3988,,,
3989,,,
3990,,,
3991,,,
3992,,,
3993,,,
3994,,,
3995,,,
3996,,,
3997,,,
3998,,,
3999,,,
4000,,,
4001,H,13.75,
4002,B,13,
4003,B,12,
4004,,,
4005,H,11,
4006,H,10.5,
4007,H,11,
4008,H,11,
4009,H,9,
4010,H,9,
4011,H,9,
4012,B,10.5,
4013,,,
4014,,,
4015,H,10,
4016,H,10,
4017,H,9,
4018,,,
4019,H,13,
4020,H,12,
4021,H,12,
4022,,,
4023,H,11,
4024,H,11,
4025,,,
4026,B,9,
4027,H,9,
4028,H,9,
4029,,,
4030,H,7,
4031,,,
4032,B,12.5,
4033,H,12,
4034,,,
4035,,,
4036,H,12,
4037,H,13,
4038,,,
4039,H,12,
4040,H,10,
4041,,,
4042,H,11,
4043,,,
4044,,,
4045,,,
4046,,,
4047,H,6,
4048,H,8,
4049,H,5,
4050,H,7,
4051,B,7,
4052,B,7,
4053,B,7,
4054,B,6.5,
4055,H,10,
4056,H,10,
4057,H,9,
4058,H,9,
4059,B,9,
4060,B,7.5,
4061,H,11,
4062,H,10,
4063,H,9,
4064,B,8.5,
4065,H,9,
4066,H,9,
4067,H,8,
4068,H,8,
4069,H,10,
4070,B,9,
4071,H,10,
4072,H,9,
4073,H,7.5,
4074,H,7.5,
4075,H,7.5,
4076,B,7.5,
4077,B,8.5,
4078,H,9,
4079,B,7,
4080,H,7.5,
4081,H,7.5,
4082,H,7,
4083,H,6,
4084,H,6,
4085,H,9,
4086,H,9,
4087,H,9,
4088,H,9,
4089,H,7,
4090,,,
4091,H,10,
4092,B,12,
4093,H,11,
4094,,,
4095,H,12,
4096,,,
4097,H,12,
4098,H,12,
4099,,,
4100,H,11,
4101,,,
4102,,,
4103,H,12,
4104,H,12,
4105,B,10,
4106,,,
4107,H,9,
4108,,,
4109,H,10,
4110,B,12,
4111,,,
4112,,,
4113,,,
4114,,,
4115,H,12,
4116,H,10,
4117,H,10,
4118,H,10.5,
4119,,,
4120,H,9,
4121,,,
4122,H,11,
4123,,,
4124,H,10,
4125,H,9,
4126,H,7,
4127,H,12,
4128,H,12,
4129,H,12,
4130,H,12,
4131,H,12,
4132,H,12,
4133,H,12,
4134,H,12,
4135,H,12,
4136,H,12,
4137,H,12,
4138,H,12,
4139,H,12,
4140,H,12,
4141,H,12,
4142,H,12,
4143,H,12,
4144,H,12,
4145,H,12,
4146,H,12,
4147,H,12,
4148,H,12,
4149,H,12,
4150,,,
4151,H,12,
4152,H,12,
4153,H,12,
4154,H,12,
4155,,,
4156,,,
4157,H,12,
4158,H,12,
4159,H,12,
4160,H,12,
4161,H,12,
4162,H,12,
4163,H,12,
4164,H,12,
4165,H,12,
4166,H,12,
4167,H,12,
4168,,,
4169,H,12,
4170,H,12,
4171,H,12,
4172,H,12,
4173,H,12,
4174,H,12,
4175,H,12,
4176,H,12,
4177,H,12,
4178,H,12,
4179,H,12,
4180,H,12,
4181,H,12,
4182,H,12,
4183,H,12,
4184,H,12,
4185,,,
4186,,,
4187,H,12,
4188,H,12,
4189,H,12,
4190,H,12,
4191,H,12,
4192,H,12,
4193,H,12,
4194,H,12,
4195,H,12,
4196,H,12,
4197,H,12,
4198,H,12,
4199,H,12,
4200,H,12,
4201,H,12,
4202,H,12,
4203,H,12,
4204,H,12,
4205,H,12,
4206,H,12,
4207,H,12,
4208,H,12,
4209,H,12,
4210,H,12,
4211,H,12,
4212,H,12,
4213,H,12,
4214,H,12,
4215,H,12,
4216,H,12,
4217,,,
4218,,,
4219,,,
4220,,,
4221,,,
4222,H,12,
4223,B,12,
4224,,,
4225,B,12,
4226,,,
4227,,,
4228,,,
4229,H,12,
4230,H,12,
4231,H,12,
4232,H,12,
4233,H,12,
4234,,,
4235,H,12,
4236,H,12,
4237,H,12,
4238,H,12,
4239,,,
4240,,,
4241,H,12,
4242,H,12,
4243,H,12,
4244,H,12,
4245,H,12,
4246,H,12,
4247,H,12,
4248,H,12,
4249,H,12,
4250,H,12,
4251,H,12,
4252,H,12,
4253,H,12,
4254,H,12,
4255,H,12,
4256,H,12,
4257,H,12,
4258,H,12,
4259,H,12,
4260,H,12,
4261,H,12,
4262,H,12,
4263,H,12,
4264,H,12,
4265,H,12,
4266,H,12,
4267,H,12,
4268,H,12,
4269,H,12,
4270,H,12,
4271,H,12,
4272,H,12,
4273,H,12,
4274,H,12,
4275,H,12,
4276,H,12,
4277,,,
4278,H,12,
4279,H,12,
4280,,,
4281,,,
4282,,,
4283,,,
4284,H,12,
4285,H,12,
4286,H,12,
4287,,,
4288,,,
4289,,,
4290,H,12,
4291,H,12,
4292,H,12,
4293,,,
4294,,,
4295,H,11,
4296,H,11,
4297,H,11,
4298,H,11,
4299,H,11,
4300,H,11,
4301,H,11,
4302,H,11,
4303,H,11,
4304,H,11,
4305,H,11,
4306,H,11,
4307,H,11,
4308,H,11,
4309,H,11,
4310,H,11,
4311,H,11,
4312,H,11,
4313,H,11,
4314,H,11,
4315,H,11,
4316,H,11,
4317,H,11,
4318,H,11,
4319,H,11,
4320,H,11,
4321,H,11,
4322,H,11,
4323,H,11,
4324,,,
4325,H,11,
4326,H,11,
4327,H,11,
4328,H,10.5,
4329,H,10.5,
4330,H,10.5,
4331,H,10,
4332,H,10,
4333,H,10,
4334,H,10,
4335,H,10,
4336,H,10,
4337,H,11,
4338,H,11,
4339,H,11,
4340,H,11,
4341,H,11,
4342,H,11,
4343,H,11,
4344,H,11,
4345,H,11,
4346,H,11,
4347,H,11,
4348,,,
4349,H,10.5,
4350,H,10.5,
4351,H,10.5,
4352,H,10.5,
4353,H,10.5,
4354,H,10.5,
4355,H,11,
4356,H,11,
4357,H,11,
4358,H,11,
4359,,,
4360,,,
4361,H,11,
4362,H,11,
4363,H,11,
4364,H,11,
4365,,,
4366,,,
4367,H,11,
4368,H,11,
4369,H,11,
4370,H,11,
4371,H,11,
4372,H,11,
4373,H,11,
4374,H,11,
4375,H,11,
4376,H,11,
4377,H,11,
4378,H,11,
4379,H,11,
4380,H,11,
4381,H,11,
4382,H,11,
4383,H,11,
4384,H,11,
4385,H,11,
4386,H,11,
4387,H,11,
4388,H,11,
4389,H,11,
4390,H,11,
4391,H,11,
4392,H,11,
4393,H,11,
4394,H,11,
4395,H,11,
4396,H,11,
4397,H,11,
4398,H,11,
4399,H,11,
4400,H,11,
4401,H,11,
4402,,,
4403,H,11,
4404,H,11,
4405,H,11,
4406,H,11,
4407,H,11,
4408,H,11,
4409,H,10.5,
4410,H,10.5,
4411,H,11,
4412,H,11,
4413,H,11,
4414,H,11,
4415,H,10,
4416,H,10,
4417,H,10,
4418,H,10,
4419,H,10,
4420,H,10,
4421,H,11,
4422,H,11,
4423,H,11,
4424,H,11,
4425,H,11,
4426,H,11,
4427,H,11,
4428,H,11,
4429,H,11,
4430,H,11,
4431,H,11,
4432,,,
4433,H,10.5,
4434,H,10.5,
4435,H,10.5,
4436,H,10.5,
4437,H,10.5,
4438,H,10.5,
4439,H,11,
4440,H,11,
4441,H,11,
4442,H,11,
4443,H,11,
4444,H,11,
4445,H,11,
4446,H,11,
4447,H,11,
4448,H,11,
4449,,,
4450,,,
4451,H,10,
4452,H,10,
4453,H,10,
4454,H,10,
4455,H,10,
4456,H,10,
4457,,,
4458,H,11,
4459,H,11,
4460,H,11,
4461,H,11,
4462,H,11,
4463,H,11,
4464,H,11,
4465,H,11,
4466,,,
4467,,,
4468,,,
4469,H,10,
4470,H,10,
4471,H,10,
4472,H,10,
4473,H,10,
4474,H,10,
4475,H,10,
4476,H,10,
4477,H,10,
4478,H,10,
4479,H,10,
4480,H,10,
4481,H,9,
4482,H,9,
4483,H,9,
4484,,,
4485,,,
4486,,,
4487,H,10,
4488,H,10,
4489,H,10,
4490,H,10,
4491,H,10,
4492,,,
4493,H,10,
4494,H,10,
4495,H,10,
4496,H,10,
4497,H,10,
4498,,,
4499,H,10,
4500,H,10,
4501,H,10,
4502,,,
4503,,,
4504,,,
4505,H,10,
4506,H,11,
4507,H,9,
4508,H,9,
4509,H,10,
4510,B,9.5,
4511,H,9,
4512,H,10,
4513,H,10,
4514,H,11,
4515,H,12,
4516,H,11,
4517,H,10,
4518,B,11,
4519,H,9,
4520,H,11,
4521,H,10,
4522,H,11,
4523,H,12,
4524,H,10,
4525,B,11,
4526,H,12,
4527,H,11,
4528,H,10,
4529,H,10,
4530,H,10,
4531,H,9,
4532,H,10,
4533,H,11,
4534,H,10,
4535,H,9,
4536,H,8,
4537,H,9,
4538,H,9,
4539,H,9,
4540,H,10,
4541,H,10,
4542,H,9,
4543,H,10,
4544,H,11,
4545,H,9,
4546,H,11,
4547,H,8,
4548,H,10,
4549,H,9,
4550,H,8.5,
4551,H,8,
4552,H,9,
4553,C,11,
4554,H,12,
4555,H,13,
4556,H,10,
4557,H,12,
4558,H,10,
4559,H,12,
4560,H,11,
4561,H,12,
4562,B,12,
4563,H,10,
4564,H,9,
4565,H,9,
4566,H,10,
4567,H,8,
4568,H,9,
4569,B,8,
4570,H,10,
4571,H,10,
4572,B,11,
4573,H,12,
4574,H,10,
4575,H,11,
4576,H,12,
4577,H,10,
4578,H,9,
4579,H,10,
4580,,,
4581,,,
4582,,,
4583,,,
4584,,,
4585,H,10,
4586,,,
4587,,,
4588,H,12,
4589,H,12,
4590,H,12,
4591,H,12,
4592,H,12,
4593,H,12,
4594,,,
4595,H,12,
4596,H,12,
4597,H,12,
4598,,,
4599,,,
4600,,,
4601,,,
4602,H,12,
4603,H,12,
4604,H,12,
4605,,,
4606,,,
4607,H,12,
4608,H,12,
4609,H,12,
4610,H,12,
4611,H,12,
4612,H,12,
4613,H,12,
4614,H,12,
4615,H,12,
4616,,,
4617,,,
4618,,,
4619,H,12,
4620,H,12,
4621,H,12,
4622,H,12,
4623,,,
4624,,,
4625,H,12,
4626,H,12,
4627,H,12,
4628,H,12,
4629,,,
4630,,,
4631,H,11,
4632,H,11,
4633,H,10,
4634,H,11,
4635,H,11,
4636,,,
4637,H,10,
4638,H,10,
4639,H,10,
4640,H,10,
4641,H,10,
4642,H,10,
4643,H,11,
4644,H,11,
4645,H,11,
4646,H,11,
4647,H,11,
4648,H,11,
4649,,,
4650,H,11,
4651,H,11,
4652,H,11,
4653,H,11,
4654,H,11,
4655,H,10,
4656,H,10,
4657,H,10,
4658,H,11,
4659,,,
4660,,,
4661,H,11,
4662,H,11,
4663,H,11,
4664,H,11,
4665,,,
4666,,,
4667,H,11,
4668,H,11,
4669,,,
4670,H,11,
4671,,,
4672,,,
4673,,,
4674,,,
4675,,,
4676,,,
4677,,,
4678,,,
4679,,,
4680,,,
4681,,,
4682,,,
4683,,,
4684,,,
4685,,,
4686,,,
4687,,,
4688,,,
4689,,,
4690,,,
4691,,,
4692,,,
4693,,,
4694,,,
4695,,,
4696,,,
4697,,,
4698,,,
4699,,,
4700,,,
4701,,,
4702,,,
4703,,,
4704,,,
4705,,,
4706,,,
4707,,,
4708,,,
4709,,,
4710,,,
4711,,,
4712,,,
4713,,,
4714,,,
4715,H,10,
4716,H,10,
4717,H,10,
4718,H,10,
4719,H,10,
4720,,,
4721,H,8,
4722,H,8,
4723,H,8,
4724,,,
4725,,,
4726,,,
4727,H,9,
4728,H,9,
4729,,,
4730,,,
4731,,,
4732,,,
4733,H,10,
4734,H,10,
4735,H,10,
4736,H,10,
4737,H,10,
4738,H,10,
4739,H,11,
4740,H,11,
4741,H,11,
4742,H,10,
4743,H,11,
4744,H,11,
4745,H,10,
4746,H,10,
4747,H,10,
4748,H,10,
4749,H,10,
4750,,,
4751,H,9,
4752,H,9,
4753,H,9,
4754,H,9,
4755,H,9,
4756,H,9,
4757,H,12,
4758,H,12,
4759,H,12,
4760,H,12,
4761,,,
4762,,,
4763,H,11,
4764,H,11,
4765,H,11,
4766,H,11,
4767,H,11,
4768,H,11,
4769,H,11,
4770,H,11,
4771,H,11,
4772,H,11,
4773,H,11,
4774,H,11,
4775,H,10,
4776,H,10,
4777,H,10,
4778,H,10,
4779,H,10,
4780,H,10,
4781,H,10,
4782,H,10,
4783,H,10,
4784,H,10,
4785,H,10,
4786,H,9,
4787,H,11,
4788,H,10,
4789,H,11,
4790,H,11,
4791,H,11,
4792,H,10,
4793,H,11,
4794,H,10,
4795,H,10,
4796,H,11,
4797,,,
4798,,,
4799,H,11,
4800,H,11,
4801,H,11,
4802,H,11,
4803,H,11,
4804,,,
4805,H,10,
4806,,,
4807,H,10,
4808,,,
4809,,,
4810,,,
4811,H,9,
4812,H,9,
4813,H,9,
4814,H,9,
4815,H,9,
4816,H,9,
4817,H,9,
4818,H,9,
4819,H,9,
4820,H,9,
4821,H,9,
4822,H,9,
4823,H,10,
4824,H,10,
4825,H,10,
4826,H,10,
4827,H,10,
4828,H,10,
4829,H,9,
4830,H,9,
4831,H,9,
4832,H,9,
4833,H,9,
4834,,,
4835,H,7,
4836,H,7,
4837,H,7,
4838,H,7,
4839,H,7,
4840,H,7,
4841,H,7.5,
4842,H,7.5,
4843,H,7.5,
4844,H,7.5,
4845,H,7.5,
4846,H,7.5,
4847,H,7.5,
4848,H,7.5,
4849,H,7.5,
4850,H,7.5,
4851,H,7.5,
4852,,,
4853,H,7,
4854,H,7,
4855,,,
4856,,,
4857,,,
4858,,,
4859,B,7,
4860,B,7,
4861,B,7,
4862,B,7,
4863,,,
4864,,,
4865,H,8,
4866,H,8,
4867,,,
4868,,,
4869,H,8,
4870,,,
4871,H,9,
4872,,,
4873,,,
4874,,,
4875,,,
4876,,,
4877,H,9,
4878,H,9,
4879,,,
4880,,,
4881,,,
4882,,,
4883,H,10,
4884,H,10,
4885,,,
4886,,,
4887,,,
4888,,,
4889,H,9,
4890,H,9,
4891,H,9,
4892,H,9,
4893,H,9,
4894,H,9,
4895,H,11,
4896,H,11,
4897,H,11,
4898,H,11,
4899,,,
4900,,,
4901,H,10,
4902,H,10,
4903,H,10,
4904,H,10,
4905,H,10,
4906,H,10,
4907,H,10,
4908,H,10,
4909,H,10,
4910,H,10,
4911,H,10,
4912,H,10,
4913,H,10,
4914,H,10,
4915,H,10,
4916,H,10,
4917,H,10,
4918,H,10,
4919,H,10,
4920,H,10,
4921,H,10,
4922,H,10,
4923,H,10,
4924,,,
4925,H,7,
4926,H,7,
4927,H,7,
4928,,,
4929,,,
4930,,,
4931,H,9,
4932,H,9,
4933,H,9,
4934,H,9,
4935,H,9,
4936,H,9,
4937,H,7,
4938,H,7,
4939,H,7,
4940,H,7,
4941,H,7,
4942,,,
4943,H,7,
4944,H,7,
4945,H,7,
4946,,,
4947,,,
4948,,,
4949,H,9,
4950,H,9,
4951,H,9,
4952,H,9,
4953,H,9,
4954,H,9,
4955,H,8,
4956,H,8,
4957,H,8,
4958,H,8,
4959,,,
4960,,,
4961,H,9,
4962,H,9,
4963,H,9,
4964,H,9,
4965,H,9,
4966,,,
4967,H,8,
4968,H,8,
4969,H,8,
4970,,,
4971,,,
4972,,,
4973,,,
4974,H,8,
4975,,,
4976,,,
4977,,,
4978,,,
4979,H,7,
4980,H,7,
4981,,,
4982,,,
4983,,,
4984,,,
4985,,,
4986,H,8,
4987,H,8,
4988,H,8,
4989,,,
4990,,,
4991,,,
4992,H,7,
4993,,,
4994,,,
4995,,,
4996,,,
4997,,,
4998,H,7,
4999,H,7,
5000,,,
5001,,,
5002,,,
5003,,,
5004,H,8.5,
5005,,,
5006,,,
5007,,,
5008,H,8,
5009,H,10,
5010,H,10,
5011,H,10,
5012,H,10,
5013,,,
5014,,,
5015,,,
5016,H,8,
5017,,,
5018,,,
5019,,,
5020,,,
5021,H,11,
5022,H,11,
5023,H,11,
5024,H,11,
5025,,,
5026,,,
5027,H,9,
5028,H,9,
5029,H,9,
5030,H,9,
5031,H,9,
5032,,,
5033,H,9,
5034,H,9,
5035,,,
5036,,,
5037,,,
5038,,,
5039,H,7,
5040,,,
5041,,,
5042,,,
5043,,,
5044,,,
5045,H,8.5,
5046,H,8.5,
5047,H,8.5,
5048,H,8.5,
5049,H,8.5,
5050,H,8.5,
5051,H,7,
5052,,,
5053,,,
5054,,,
5055,,,
5056,,,
5057,H,5,
5058,,,
5059,,,
5060,,,
5061,,,
5062,,,
5063,H,6,
5064,,,
5065,,,
5066,,,
5067,,,
5068,,,
5069,H,7,
5070,H,7,
5071,H,7,
5072,H,7,
5073,H,7,
5074,,,
5075,H,8,
5076,H,8,
5077,H,8,
5078,H,8,
5079,,,
5080,,,
5081,H,9,
5082,,,
5083,,,
5084,H,9,
5085,,,
5086,,,
5087,,,
5088,H,9,
5089,H,9,
5090,H,9,
5091,H,9,
5092,,,
5093,H,9,
5094,H,9,
5095,H,9,
5096,H,9,
5097,H,9,
5098,H,9,
5099,H,8,
5100,H,8,
5101,H,8,
5102,H,8,
5103,,,
5104,,,
5105,H,8,
5106,H,8,
5107,H,8,
5108,H,8,
5109,H,8,
5110,H,8,
5111,H,9,
5112,H,9,
5113,H,9,
5114,H,9,
5115,H,9,
5116,,,
5117,H,7.5,
5118,H,7,
5119,,,
5120,,,
5121,,,
5122,,,
5123,H,9,
5124,H,9,
5125,,,
5126,,,
5127,,,
5128,,,
5129,H,8,
5130,H,8,
5131,H,8,
5132,,,
5133,,,
5134,,,
5135,H,10,
5136,H,10,
5137,H,10,
5138,H,10,
5139,H,10,
5140,H,10,
5141,H,10,
5142,H,10,
5143,H,10,
5144,H,10,
5145,H,10,
5146,,,
5147,H,9,
5148,H,9,
5149,H,9,
5150,H,9,
5151,H,9,
5152,,,
5153,H,9,
5154,H,9,
5155,H,9,
5156,H,9,
5157,,,
5158,,,
5159,H,10,
5160,H,10,
5161,,,
5162,,,
5163,,,
5164,,,
5165,H,10,
5166,H,10,
5167,H,10,
5168,H,10,
5169,H,10,
5170,,,
5171,H,10,
5172,H,10,
5173,H,10,
5174,H,10,
5175,,,
5176,,,
5177,H,10,
5178,H,10,
5179,H,10,
5180,H,10,
5181,,,
5182,H,10,
5183,H,10,
5184,H,10,
5185,H,10,
5186,H,10,
5187,,,
5188,,,
5189,H,9.5,
5190,H,10,
5191,H,10,
5192,H,10,
5193,H,10,
5194,H,10,
5195,H,10,
5196,H,10,
5197,H,10,
5198,H,10,
5199,,,
5200,,,
5201,H,10,
5202,H,10,
5203,H,10,
5204,H,10,
5205,,,
5206,,,
5207,H,10,
5208,H,10,
5209,H,10,
5210,H,10,
5211,,,
5212,,,
5213,H,10,
5214,H,10,
5215,H,9.5,
5216,,,
5217,,,
5218,,,
5219,H,8.5,
5220,H,8.5,
5221,H,8.5,
5222,,,
5223,,,
5224,,,
5225,H,9,
5226,H,9,
5227,H,9,
5228,H,9,
5229,H,9,
5230,H,9,
5231,H,9,
5232,H,9,
5233,H,9,
5234,H,9,
5235,H,9,
5236,H,9,
5237,H,9,
5238,H,9,
5239,H,9,
5240,H,9,
5241,H,9,
5242,,,
5243,H,9,
5244,H,9,
5245,H,9,
5246,H,9,
5247,H,9,
5248,H,9,
5249,H,9,
5250,H,9,
5251,H,9,
5252,,,
5253,,,
5254,,,
5255,H,9,
5256,H,9,
5257,,,
5258,,,
5259,,,
5260,,,
5261,H,9,
5262,H,9,
5263,H,9,
5264,H,9,
5265,H,8.5,
5266,,,
5267,H,9,
5268,H,9,
5269,H,9,
5270,H,9,
5271,H,9,
5272,H,9,
5273,H,9,
5274,H,9,
5275,H,9,
5276,H,9,
5277,H,9,
5278,H,9,
5279,H,9,
5280,H,9,
5281,H,9,
5282,H,9,
5283,H,9,
5284,,,
5285,H,9,
5286,H,9,
5287,H,9,
5288,H,9,
5289,H,9,
5290,,,
5291,H,9,
5292,H,9,
5293,H,9,
5294,H,9,
5295,H,9,
5296,H,9,
5297,H,9,
5298,H,9,
5299,H,9,
5300,H,9,
5301,H,9,
5302,H,9,
5303,H,9.5,
5304,H,9,
5305,H,9,
5306,H,9,
5307,H,9,
5308,H,9,
5309,H,9.5,
5310,H,9.5,
5311,H,9.5,
5312,H,9.5,
5313,H,9.5,
5314,H,9.5,
5315,H,10,
5316,H,10,
5317,H,10,
5318,H,10,
5319,H,10,
5320,,,
5321,H,10,
5322,H,10,
5323,H,10,
5324,H,10,
5325,,,
5326,,,
5327,H,10,
5328,H,10,
5329,H,10,
5330,H,10,
5331,H,10,
5332,H,10,
5333,H,10,
5334,H,10,
5335,H,10,
5336,H,10,
5337,H,10,
5338,,,
5339,,,
5340,H,10,
5341,H,10,
5342,H,10,
5343,,,
5344,,,
5345,H,9,
5346,H,9,
5347,H,9,
5348,H,9,
5349,H,9,
5350,,,
5351,H,9,
5352,H,9,
5353,H,9,
5354,H,9,
5355,H,9,
5356,,,
5357,H,9,
5358,H,9,
5359,H,9,
5360,H,9,
5361,H,9,
5362,H,9,
5363,H,9,
5364,H,9,
5365,H,9,
5366,,,
5367,,,
5368,,,
5369,H,9,
5370,H,9,
5371,H,9,
5372,,,
5373,,,
5374,H,9,
5375,H,9,
5376,H,9,
5377,H,9,
5378,,,
5379,,,
5380,,,
5381,H,9,
5382,H,9,
5383,H,9,
5384,H,9,
5385,H,9,
5386,,,
5387,,,
5388,H,12,
5389,H,12,
5390,H,12,
5391,H,12,
5392,H,12,
5393,H,12,
5394,H,12,
5395,,,
5396,,,
5397,,,
5398,,,
5399,H,12,
5400,H,12,
5401,H,12,
5402,H,12,
5403,H,11,
5404,,,
5405,H,12,
5406,H,12,
5407,H,12,
5408,H,12,
5409,H,12,
5410,H,12,
5411,H,12,
5412,H,12,
5413,H,12,
5414,H,12,
5415,H,12,
5416,H,12,
5417,H,12,
5418,H,12,
5419,H,12,
5420,H,12,
5421,H,12,
5422,H,12,
5423,H,12,
5424,H,12,
5425,H,12,
5426,H,12,
5427,H,12,
5428,,,
5429,H,11,
5430,H,10,
5431,H,11,
5432,,,
5433,,,
5434,,,
5435,H,9,
5436,H,9,
5437,H,9,
5438,,,
5439,,,
5440,,,
5441,H,11,
5442,H,11,
5443,,,
5444,,,
5445,,,
5446,,,
5447,H,9,
5448,H,9,
5449,H,9,
5450,H,9,
5451,H,9,
5452,H,9,
5453,H,10,
5454,H,10,
5455,H,10,
5456,H,10,
5457,H,10,
5458,,,
5459,H,10,
5460,H,10,
5461,,,
5462,,,
5463,,,
5464,,,
5465,,,
5466,,,
5467,H,10,
5468,H,10,
5469,,,
5470,,,
5471,,,
5472,,,
5473,,,
5474,,,
5475,,,
5476,,,
5477,,,
5478,,,
5479,,,
5480,,,
5481,,,
5482,,,
5483,,,
5484,,,
5485,,,
5486,,,
5487,,,
5488,,,
5489,,,
5490,,,
5491,,,
5492,,,
5493,,,
5494,,,
5495,,,
5496,,,
5497,,,
5498,,,
5499,,,
5500,,,
5501,,,
5502,,,
5503,,,
5504,,,
5505,,,
5506,,,
5507,,,
5508,,,
5509,,,
5510,,,
5511,,,
5512,,,
5513,H,10.5,
5514,H,10.5,
5515,H,10,
5516,H,10.5,
5517,H,10.5,
5518,H,10.5,
5519,H,11,
5520,H,11,
5521,,,
5522,,,
5523,,,
5524,,,
5525,H,11,
5526,H,11,
5527,H,11,
5528,H,11,
5529,H,11,
5530,,,
5531,,,
5532,H,11,
5533,H,11,
5534,H,11,
5535,,,
5536,,,
5537,,,
5538,,,
5539,,,
5540,H,9,
5541,H,9,
5542,H,9,
5543,H,10,
5544,H,10,
5545,H,10,
5546,H,10.5,
5547,H,10.5,
5548,,,
5549,H,10.5,
5550,H,10.5,
5551,H,10.5,
5552,,,
5553,,,
5554,,,
5555,,,
5556,H,8,
5557,H,8,
5558,H,8,
5559,,,
5560,,,
5561,,,
5562,H,7,
5563,H,7,
5564,H,7,
5565,,,
5566,,,
5567,,,
5568,H,9,
5569,H,9,
5570,H,9,
5571,H,9,
5572,H,9,
5573,,,
5574,H,8,
5575,H,8,
5576,H,8,
5577,H,8,
5578,,,
5579,,,
5580,,,
5581,H,9,
5582,,,
5583,H,9,
5584,,,
5585,,,
5586,H,9,
5587,H,9,
5588,H,9,
5589,H,9,
5590,H,9,
5591,,,
5592,H,9,
5593,H,9,
5594,H,9,
5595,H,9,
5596,H,9,
5597,H,9,
5598,H,12,
5599,H,12,
5600,H,12,
5601,H,12,
5602,H,12,
5603,H,12,
5604,H,12,
5605,H,12,
5606,H,12,
5607,H,12,
5608,H,12,
5609,H,12,
5610,,,
5611,H,12,
5612,H,12,
5613,H,12,
5614,H,12,
5615,,,
5616,,,
5617,H,12,
5618,H,12,
5619,H,12,
5620,H,12,
5621,,,
5622,,,
5623,H,12,
5624,H,12,
5625,H,12,
5626,H,12,
5627,,,
5628,,,
5629,,,
5630,H,12,
5631,H,12,
5632,H,12,
5633,,,
5634,,,
5635,H,12,
5636,H,12,
5637,,,
5638,,,
5639,,,
5640,,,
5641,H,9,
5642,H,9,
5643,H,9,
5644,H,9,
5645,H,9,
5646,H,9,
5647,H,9,
5648,H,9,
5649,H,9,
5650,H,9,
5651,,,
5652,,,
5653,H,9,
5654,H,9,
5655,H,9,
5656,H,9,
5657,H,9,
5658,,,
5659,H,9,
5660,H,9,
5661,H,9,
5662,H,9,
5663,H,9,
5664,H,9,
5665,H,10,
5666,,,
5667,H,10,
5668,,,
5669,,,
5670,,,
5671,H,9,
5672,H,9,
5673,H,9,
5674,H,9,
5675,H,9,
5676,H,9,
5677,,,
5678,H,9.5,
5679,H,9.5,
5680,H,9.5,
5681,H,9.5,
5682,,,
5683,H,13,
5684,H,13,
5685,H,13,
5686,H,13,
5687,,,
5688,,,
5689,H,13,
5690,H,13,
5691,,,
5692,,,
5693,H,13,
5694,,,
5695,H,13,
5696,H,13,
5697,,,
5698,,,
5699,H,13,
5700,,,
5701,H,13,
5702,H,13,
5703,,,
5704,,,
5705,H,13,
5706,,,
5707,,,
5708,H,13,
5709,,,
5710,,,
5711,H,13,
5712,,,
5713,,,
5714,,,
5715,,,
5716,,,
5717,,,
5718,,,
5719,,,
5720,,,
5721,,,
5722,,,
5723,,,
5724,,,
5725,H,12,
5726,H,12,
5727,H,12,
5728,H,12,
5729,H,12,
5730,H,12,
5731,H,12,
5732,H,12,
5733,H,12,
5734,,,
5735,,,
5736,,,
5737,H,12,
5738,H,12,
5739,,,
5740,,,
5741,,,
5742,,,
5743,H,13,
5744,H,13,
5745,H,13,
5746,H,13,
5747,,,
5748,,,
5749,,,
5750,H,12,
5751,H,12,
5752,H,12,
5753,H,12,
5754,H,12,
5755,H,11,
5756,H,11,
5757,H,11,
5758,H,11,
5759,H,11,
5760,,,
5761,,,
5762,H,12,
5763,H,12,
5764,H,12,
5765,,,
5766,,,
5767,H,10,
5768,H,10,
5769,,,
5770,H,10,
5771,,,
5772,,,
5773,H,10,
5774,H,10,
5775,H,10,
5776,,,
5777,,,
5778,,,
5779,H,9,
5780,H,9,
5781,H,9,
5782,H,9,
5783,H,9,
5784,,,
5785,H,10,
5786,H,10,
5787,H,10,
5788,H,10,
5789,H,10,
5790,H,10,
5791,H,10,
5792,H,10,
5793,H,10,
5794,H,10,
5795,H,10,
5796,H,10,
5797,,,
5798,,,
5799,H,10,
5800,H,10,
5801,,,
5802,,,
5803,H,10,
5804,H,10,
5805,H,10,
5806,H,10,
5807,H,10,
5808,H,10,
5809,H,11,
5810,H,11,
5811,,,
5812,,,
5813,H,11,
5814,H,11,
5815,,,
5816,H,11,
5817,H,11,
5818,H,11,
5819,H,11,
5820,,,
5821,H,11,
5822,H,11,
5823,H,11,
5824,H,11,
5825,,,
5826,,,
5827,H,11,
5828,H,11,
5829,H,11,
5830,H,11,
5831,H,11,
5832,H,11,
5833,H,11,
5834,H,11,
5835,H,11,
5836,,,
5837,,,
5838,,,
5839,H,11,
5840,H,11,
5841,,,
5842,H,11,
5843,H,11,
5844,,,
5845,H,11,
5846,H,11,
5847,,,
5848,,,
5849,,,
5850,,,
5851,H,9,
5852,H,9,
5853,H,9,
5854,H,9,
5855,H,9,
5856,,,
5857,H,9,
5858,H,9,
5859,H,9,
5860,H,9,
5861,H,9,
5862,,,
5863,,,
5864,,,
5865,,,
5866,,,
5867,H,9,
5868,,,
5869,H,9,
5870,H,9,
5871,H,9,
5872,H,9,
5873,,,
5874,,,
5875,H,9,
5876,H,9,
5877,H,9,
5878,H,9,
5879,H,9,
5880,H,9,
5881,H,9.5,
5882,,,
5883,H,9.5,
5884,H,9.5,
5885,,,
5886,,,
5887,,,
5888,H,9.5,
5889,H,9.5,
5890,H,10,
5891,,,
5892,,,
5893,H,11,
5894,H,11,
5895,H,11,
5896,,,
5897,,,
5898,H,11,
5899,H,11,
5900,,,
5901,H,11,
5902,,,
5903,,,
5904,,,
5905,H,12,
5906,H,12,
5907,H,12,
5908,H,12,
5909,H,12,
5910,,,
5911,H,11,
5912,,,
5913,,,
5914,H,11,
5915,,,
5916,,,
5917,H,11,
5918,H,11,
5919,H,11,
5920,H,11,
5921,H,11,
5922,,,
5923,H,10,
5924,,,
5925,,,
5926,,,
5927,H,10,
5928,,,
5929,H,10,
5930,H,10,
5931,H,10,
5932,,,
5933,,,
5934,,,
5935,H,12,
5936,H,12,
5937,H,12,
5938,,,
5939,,,
5940,,,
5941,,,
5942,H,12,
5943,H,12,
5944,,,
5945,,,
5946,,,
5947,H,12,
5948,H,12,
5949,,,
5950,,,
5951,,,
5952,,,
5953,,,
5954,H,12,
5955,H,12,
5956,,,
5957,,,
5958,,,
5959,H,12,
5960,,,
5961,,,
5962,,,
5963,H,12,
5964,,,
5965,,,
5966,H,12,
5967,,,
5968,,,
5969,,,
5970,,,
5971,H,12,
5972,,,
5973,H,12,
5974,,,
5975,H,12,
5976,,,
5977,,,
5978,,,
5979,,,
5980,,,
5981,,,
5982,,,
5983,,,
5984,,,
5985,,,
5986,,,
5987,,,
5988,,,
5989,,,
5990,,,
5991,,,
5992,,,
5993,,,
5994,,,
5995,,,
5996,,,
5997,,,
5998,,,
5999,,,
6000,,,
6001,H,10,STARCHANDAK8
6002,,,
6003,H,10,STARCHANDAK8
6004,H,10,STARCHANDAK8
6005,,,
6006,,,
6007,,,
6008,,,
6009,H,8,1.5DAL
6010,H,8,1.5DAL
6011,H,8,1.5DAL
6012,,,
6013,H,8,1.5DAL
6014,,,
6015,,,
6016,,,
6017,H,10,1PART
6018,H,10,1PART
6019,H,10,1PART
6020,H,10,1PART
6021,H,10,1PART
6022,,,
6023,,,
6024,,,
6025,H,9,14PART
6026,H,9,14PART
6027,H,9,14PART
6028,H,9,14PART
6029,H,9,14PART
6030,,,
6031,,,
6032,,,
6033,H,8,14PART
6034,H,8,14PART
6035,H,8,14PART
6036,,,
6037,,,
6038,,,
6039,,,
6040,,,
6041,H,8,NIL
6042,H,8,NIL
6043,H,8,NIL
6044,,,
6045,,,
6046,,,
6047,,,
6048,,,
6049,H,11,14PART
6050,H,11,14PART
6051,,,
6052,,,
6053,,,
6054,,,
6055,,,
6056,,,
6057,H,11,1PART
6058,H,11,1PART
6059,H,11,1PART
6060,,,
6061,,,
6062,,,
6063,,,
6064,,,
6065,H,8,NIL
6066,H,8,NIL
6067,H,8,NIL
6068,H,8,NIL
6069,,,
6070,H,8,NIL
6071,H,8,NIL
6072,H,8,NIL
6073,H,9,1.5BATASHA
6074,H,9,1.5BATASHA
6075,H,9,1.5BATASHA
6076,H,9,1.5BATASHA
6077,,,
6078,H,9,1.5BATASHA
6079,,,
6080,,,
6081,H,8,NIL
6082,H,8,NIL
6083,,,
6084,,,
6085,,,
6086,,,
6087,,,
6088,,,
6089,H,10,13PART
6090,,,
6091,,,
6092,,,
6093,,,
6094,,,
6095,,,
6096,,,
6097,H,8,1.75DAL
6098,H,8,1.75DAL
6099,H,8,1.75DAL
6100,,,
6101,H,7,1.75DAL
6102,H,8,1.75DAL
6103,,,
6104,,,
6105,H,7,2DAL
6106,H,7,2DAL
6107,H,7,2DAL
6108,H,7,2DAL
6109,,,
6110,,,
6111,,,
6112,,,
6113,H,7,2.25DAL
6114,H,7,2.25DAL
6115,H,7,2.25DAL
6116,H,7,2.25DAL
6117,,,
6118,,,
6119,,,
6120,,,
6121,H,8,14PART
6122,H,8,14PART
6123,H,8,14PART
6124,,,
6125,,,
6126,,,
6127,,,
6128,,,
6129,H,6,NIL
6130,H,6,NIL
6131,H,6,NIL
6132,H,6,NIL
6133,H,6,NIL
6134,H,6,NIL
6135,H,6,NIL
6136,H,6,NIL
6137,,,
6138,H,6,NIL
6139,H,6,NIL
6140,H,6,NIL
6141,,,
6142,,,
6143,,,
6144,,,
6145,,,
6146,H,5,NIL
6147,H,5,NIL
6148,H,5,NIL
6149,,,
6150,,,
6151,,,
6152,,,
6153,,,
6154,H,6,NIL
6155,H,6,NIL
6156,H,6,NIL
6157,H,6,NIL
6158,,,
6159,,,
6160,,,
6161,,,
6162,H,7,NIL
6163,H,6,NIL
6164,H,7,NIL
6165,H,7,NIL
6166,H,7,NIL
6167,H,7,NIL
6168,,,
6169,,,
6170,H,5,NIL
6171,H,5,NIL
6172,H,5,NIL
6173,,,
6174,,,
6175,,,
6176,,,
6177,H,6,NIL
6178,H,6,NIL
6179,,,
6180,,,
6181,,,
6182,,,
6183,,,
6184,,,
6185,H,7,NIL
6186,H,7,NIL
6187,,,
6188,,,
6189,,,
6190,,,
6191,,,
6192,,,
6193,H,7,NIL
6194,H,7,NIL
6195,H,7,NIL
6196,H,7,NIL
6197,H,7,NIL
6198,,,
6199,,,
6200,,,
6201,H,5,NIL
6202,H,5,NIL
6203,,,
6204,,,
6205,,,
6206,,,
6207,,,
6208,,,
6209,H,7,NIL
6210,H,7,NIL
6211,H,7,NIL
6212,H,7,NIL
6213,,,
6214,,,
6215,,,
6216,,,
6217,H,7,
6218,H,7,
6219,H,7,
6220,H,7,
6221,H,7,
6222,,,
6223,,,
6224,,,
6225,H,10,2.5DAL
6226,H,10,2.5DAL
6227,H,10,2.5DAL
6228,,,
6229,,,
6230,,,
6231,,,
6232,,,
6233,H,8,14PART
6234,,,
6235,,,
6236,,,
6237,,,
6238,,,
6239,,,
6240,,,
6241,H,11,2.25DAL
6242,H,11,2.25DAL
6243,H,11,2.25DAL
6244,,,
6245,,,
6246,,,
6247,,,
6248,,,
6249,H,8,
6250,,,
6251,,,
6252,,,
6253,,,
6254,,,
6255,,,
6256,,,
6257,H,9.5,14PART
6258,,,
6259,,,
6260,,,
6261,,,
6262,,,
6263,,,
6264,,,
6265,H,4,
6266,,,
6267,,,
6268,,,
6269,,,
6270,,,
6271,,,
6272,,,
6273,H,4,
6274,,,
6275,,,
6276,,,
6277,,,
6278,,,
6279,,,
6280,,,
6281,H,6,
6282,,,
6283,,,
6284,,,
6285,,,
6286,,,
6287,,,
6288,,,
6289,H,11,5GINNI
6290,,,
6291,,,
6292,,,
6293,,,
6294,,,
6295,,,
6296,,,
6297,H,11,12DAL
6298,H,11,12DAL
6299,H,11,12DAL
6300,,,
6301,,,
6302,,,
6303,,,
6304,,,
6305,H,9,
6306,H,9,
6307,H,9,
6308,H,9,
6309,H,9,
6310,H,9,
6311,H,9,
6312,H,9,
6313,H,9,
6314,H,9,
6315,H,9,
6316,,,
6317,,,
6318,,,
6319,,,
6320,,,
6321,B,10,14PART
6322,,,
6323,,,
6324,,,
6325,,,
6326,,,
6327,,,
6328,,,
6329,,,
6330,,,
6331,,,
6332,,,
6333,,,
6334,,,
6335,,,
6336,,,
6337,,,
6338,,,
6339,,,
6340,,,
6341,,,
6342,,,
6343,,,
6344,,,
6345,,,
6346,,,
6347,,,
6348,,,
6349,,,
6350,,,
6351,,,
6352,,,
6353,,,
6354,,,
6355,,,
6356,,,
6357,,,
6358,,,
6359,,,
6360,,,
6361,,,
6362,,,
6363,,,
6364,,,
6365,,,
6366,,,
6367,,,
6368,,,
6369,,,
6370,,,
6371,,,
6372,,,
6373,,,
6374,,,
6375,,,
6376,,,
6377,,,
6378,,,
6379,,,
6380,,,
6381,,,
6382,,,
6383,,,
6384,,,
6385,,,
6386,,,
6387,,,
6388,,,
6389,,,
6390,,,
6391,,,
6392,,,
6393,,,
6394,,,
6395,,,
6396,,,
6397,,,
6398,,,
6399,,,
6400,,,
6401,H,8,
6402,H,8,
6403,H,8,
6404,H,8,
6405,H,8,
6406,H,8,
6407,H,8,
6408,,,
6409,H,8,
6410,H,8,
6411,H,8,
6412,H,8,
6413,H,8,
6414,H,8,
6415,H,8,
6416,,,
6417,H,8,
6418,H,8,
6419,H,8,
6420,H,8,
6421,H,8,
6422,H,8,
6423,,,
6424,,,
6425,H,8,
6426,H,8,
6427,H,8,
6428,,,
6429,H,8,
6430,H,8,
6431,H,8,
6432,,,
6433,H,8,
6434,H,8,
6435,H,8,
6436,H,8,
6437,H,8,
6438,,,
6439,,,
6440,,,
6441,H,8,
6442,H,8,
6443,H,8,
6444,H,8,
6445,,,
6446,,,
6447,,,
6448,,,
6449,H,8,
6450,H,8,
6451,H,8,
6452,H,8,
6453,H,8,
6454,,,
6455,,,
6456,,,
6457,H,8,
6458,H,8,
6459,H,8,
6460,H,8,
6461,H,8,
6462,H,8,
6463,,,
6464,,,
6465,H,8,
6466,H,8,
6467,H,8,
6468,H,8,
6469,H,8,
6470,H,8,
6471,H,8,
6472,,,
6473,H,8,
6474,H,8,
6475,H,8,
6476,H,8,
6477,H,8,
6478,,,
6479,,,
6480,,,
6481,H,8,
6482,H,8,
6483,H,8,
6484,H,8,
6485,,,
6486,,,
6487,,,
6488,,,
6489,H,8,
6490,H,8,
6491,H,8,
6492,,,
6493,,,
6494,,,
6495,,,
6496,,,
6497,,,
6498,,,
6499,,,
6500,,,
6501,,,
6502,,,
6503,,,
6504,,,
6505,,,
6506,,,
6507,,,
6508,,,
6509,,,
6510,,,
6511,,,
6512,,,
6513,,,
6514,,,
6515,,,
6516,,,
6517,,,
6518,,,
6519,,,
6520,,,
6521,,,
6522,,,
6523,,,
6524,,,
6525,,,
6526,,,
6527,,,
6528,,,
6529,,,
6530,,,
6531,,,
6532,,,
6533,,,
6534,,,
6535,,,
6536,,,
6537,,,
6538,,,
6539,,,
6540,,,
6541,,,
6542,,,
6543,,,
6544,,,
6545,,,
6546,,,
6547,,,
6548,,,
6549,,,
6550,,,
6551,,,
6552,,,
6553,,,
6554,,,
6555,,,
6556,,,
6557,,,
6558,,,
6559,,,
6560,,,
6561,,,
6562,,,
6563,,,
6564,,,
6565,,,
6566,,,
6567,,,
6568,,,
6569,,,
6570,,,
6571,,,
6572,,,
6573,,,
6574,,,
6575,,,
6576,,,
6577,,,
6578,,,
6579,,,
6580,,,
6581,,,
6582,,,
6583,,,
6584,,,
6585,,,
6586,,,
6587,,,
6588,,,
6589,,,
6590,,,
6591,,,
6592,,,
6593,,,
6594,,,
6595,,,
6596,,,
6597,,,
6598,,,
6599,,,
6600,,,
6601,,,
6602,,,
6603,,,
6604,,,
6605,,,
6606,,,
6607,,,
6608,,,
6609,,,
6610,,,
6611,,,
6612,,,
6613,,,
6614,,,
6615,,,
6616,,,
6617,,,
6618,,,
6619,,,
6620,,,
6621,,,
6622,,,
6623,,,
6624,,,
6625,,,
6626,,,
6627,,,
6628,,,
6629,,,
6630,,,
6631,,,
6632,,,
6633,,,
6634,,,
6635,,,
6636,,,
6637,,,
6638,,,
6639,,,
6640,,,
6641,,,
6642,,,
6643,,,
6644,,,
6645,,,
6646,,,
6647,,,
6648,,,
6649,,,
6650,,,
6651,,,
6652,,,
6653,,,
6654,,,
6655,,,
6656,,,
6657,,,
6658,,,
6659,,,
6660,,,
6661,,,
6662,,,
6663,,,
6664,,,
6665,,,
6666,,,
6667,,,
6668,,,
6669,,,
6670,,,
6671,,,
6672,,,
6673,,,
6674,,,
6675,,,
6676,,,
6677,,,
6678,,,
6679,,,
6680,,,
6681,,,
6682,,,
6683,,,
6684,,,
6685,,,
6686,,,
6687,,,
6688,,,
6689,,,
6690,,,
6691,,,
6692,,,
6693,,,
6694,,,
6695,,,
6696,,,
6697,,,
6698,,,
6699,,,
6700,,,
6701,,,
6702,,,
6703,,,
6704,,,
6705,,,
6706,,,
6707,,,
6708,,,
6709,,,
6710,,,
6711,,,
6712,,,
6713,,,
6714,,,
6715,,,
6716,,,
6717,,,
6718,,,
6719,,,
6720,,,
6721,,,
6722,,,
6723,,,
6724,,,
6725,,,
6726,,,
6727,,,
6728,,,
6729,,,
6730,,,
6731,,,
6732,,,
6733,,,
6734,,,
6735,,,
6736,,,
6737,,,
6738,,,
6739,,,
6740,,,
6741,,,
6742,,,
6743,,,
6744,,,
6745,,,
6746,,,
6747,,,
6748,,,
6749,,,
6750,,,
6751,,,
6752,,,
6753,,,
6754,,,
6755,,,
6756,,,
6757,,,
6758,,,
6759,,,
6760,,,
6761,,,
6762,,,
6763,,,
6764,,,
6765,,,
6766,,,
6767,,,
6768,,,
6769,,,
6770,,,
6771,,,
6772,,,
6773,,,
6774,,,
6775,,,
6776,,,
6777,,,
6778,,,
6779,,,
6780,,,
6781,,,
6782,,,
6783,,,
6784,,,
6785,,,
6786,,,
6787,,,
6788,,,
6789,,,
6790,,,
6791,,,
6792,,,
6793,,,
6794,,,
6795,,,
6796,,,
6797,,,
6798,,,
6799,,,
6800,,,
6801,,,
6802,,,
6803,,,
6804,,,
6805,,,
6806,,,
6807,,,
6808,,,
6809,,,
6810,,,
6811,,,
6812,,,
6813,,,
6814,,,
6815,,,
6816,,,
6817,,,
6818,,,
6819,,,
6820,,,
6821,,,
6822,,,
6823,,,
6824,,,
6825,,,
6826,,,
6827,,,
6828,,,
6829,,,
6830,,,
6831,,,
6832,,,
6833,,,
6834,,,
6835,,,
6836,,,
6837,,,
6838,,,
6839,,,
6840,,,
6841,,,
6842,,,
6843,,,
6844,,,
6845,,,
6846,,,
6847,,,
6848,,,
6849,,,
6850,,,
6851,,,
6852,,,
6853,,,
6854,,,
6855,,,
6856,,,
6857,,,
6858,,,
6859,,,
6860,,,
6861,,,
6862,,,
6863,,,
6864,,,
6865,,,
6866,,,
6867,,,
6868,,,
6869,,,
6870,,,
6871,,,
6872,,,
6873,,,
6874,,,
6875,,,
6876,,,
6877,,,
6878,,,
6879,,,
6880,,,
6881,,,
6882,,,
6883,,,
6884,,,
6885,,,
6886,,,
6887,,,
6888,,,
6889,,,
6890,,,
6891,,,
6892,,,
6893,,,
6894,,,
6895,,,
6896,,,
6897,,,
6898,,,
6899,,,
6900,,,
6901,,,
6902,,,
6903,,,
6904,,,
6905,,,
6906,,,
6907,,,
6908,,,
6909,,,
6910,,,
6911,,,
6912,,,
6913,,,
6914,,,
6915,,,
6916,,,
6917,,,
6918,,,
6919,,,
6920,,,
6921,,,
6922,,,
6923,,,
6924,,,
6925,,,
6926,,,
6927,,,
6928,,,
6929,,,
6930,,,
6931,,,
6932,,,
6933,,,
6934,,,
6935,,,
6936,,,
6937,,,
6938,,,
6939,,,
6940,,,
6941,,,
6942,,,
6943,,,
6944,,,
6945,,,
6946,,,
6947,,,
6948,,,
6949,,,
6950,,,
6951,,,
6952,,,
6953,,,
6954,,,
6955,,,
6956,,,
6957,,,
6958,,,
6959,,,
6960,,,
6961,,,
6962,,,
6963,,,
6964,,,
6965,,,
6966,,,
6967,,,
6968,,,
6969,,,
6970,,,
6971,,,
6972,,,
6973,,,
6974,,,
6975,,,
6976,,,
6977,,,
6978,,,
6979,,,
6980,,,
6981,,,
6982,,,
6983,,,
6984,,,
6985,,,
6986,,,
6987,,,
6988,,,
6989,,,
6990,,,
6991,,,
6992,,,
6993,,,
6994,,,
6995,,,
6996,,,
6997,,,
6998,,,
6999,,,
7000,,,
7001,,,
7002,,,
7003,,,
7004,,,
7005,,,
7006,,,
7007,,,
7008,,,
7009,,,
7010,,,
7011,,,
7012,,,
7013,,,
7014,,,
7015,,,
7016,,,
7017,,,
7018,,,
7019,,,
7020,,,
7021,,,
7022,,,
7023,,,
7024,,,
7025,,,
7026,,,
7027,,,
7028,,,
7029,,,
7030,,,
7031,,,
7032,,,
7033,,,
7034,,,
7035,,,
7036,,,
7037,,,
7038,,,
7039,,,
7040,,,
7041,,,
7042,,,
7043,,,
7044,,,
7045,,,
7046,,,
7047,,,
7048,,,
7049,,,
7050,,,
7051,,,
7052,,,
7053,,,
7054,,,
7055,,,
7056,,,
7057,,,
7058,,,
7059,,,
7060,,,
7061,,,
7062,,,
7063,,,
7064,,,
7065,,,
7066,,,
7067,,,
7068,,,
7069,,,
7070,,,
7071,,,
7072,,,
7073,,,
7074,,,
7075,,,
7076,,,
7077,,,
7078,,,
7079,,,
7080,,,
7081,,,
7082,,,
7083,, ,
7084,,,
7085,,,
7086,,,
7087,,,
7088,,,
7089,,,
7090,,,
7091,,,
7092,,,
7093,,,
7094,,,
7095,,,
7096,,,
7097,,,
7098,,,
7099,,,
7100,,,
7101,,,
7102,,,
7103,,,
7104,,,
7105,,,
7106,,,
7107,,,
7108,,,
7109,,,
7110,,,
7111,,,
7112,,,
7113,,,
7114,,,
7115,,,
7116,,,
7117,,,
7118,,,
7119,,,
7120,,,
7121,,,
7122,,,
7123,,,
7124,,,
7125,,,
7126,,,
7127,,,
7128,,,
7129,,,
7130,,,
7131,,,
7132,,,
7133,,,
7134,,,
7135,,,
7136,,,
7137,,,
7138,,,
7139,,,
7140,,,
7141,,,
7142,,,
7143,,,
7144,,,
7145,,,
7146,,,
7147,,,
7148,,,
7149,,,
7150,,,
7151,,,
7152,,,
7153,,,
7154,,,
7155,,,
7156,,,
7157,,,
7158,,,
7159,,,
7160,,,
7161,,,
7162,,,
7163,,,
7164,,,
7165,,,
7166,,,
7167,,,
7168,,,
7169,,,
7170,,,
7171,,,
7172,,,
7173,,,
7174,,,
7175,,,
7176,,,
7177,,,
7178,,,
7179,,,
7180,,,
7181,,,
7182,,,
7183,,,
7184,,,
7185,,,
7186,,,
7187,,,
7188,,,
7189,,,
7190,,,
7191,,,
7192,,,
7193,,,
7194,,,
7195,,,
7196,,,
7197,,,
7198,,,
7199,,,
7200,,,
7201,,,
7202,,,
7203,,,
7204,,,
7205,,,
7206,,,
7207,,,
7208,,,
7209,,,
7210,,,
7211,,,
7212,,,
7213,,,
7214,,,
7215,,,
7216,,,
7217,,,
7218,,,
7219,,,
7220,,,
7221,,,
7222,,,
7223,,,
7224,,,
7225,,,
7226,,,
7227,,,
7228,,,
7229,,,
7230,,,
7231,,,
7232,,,
7233,,,
7234,,,
7235,,,
7236,,,
7237,,,
7238,,,
7239,,,
7240,,,
7241,,,
7242,,,
7243,,,
7244,,,
7245,,,
7246,,,
7247,,,
7248,,,
7249,,,
7250,,,
7251,,,
7252,,,
7253,,,
7254,,,
7255,,,
7256,,,
7257,,,
7258,,,
7259,,,
7260,,,
7261,,,
7262,,,
7263,,,
7264,,,
7265,,,
7266,,,
7267,,,
7268,,,
7269,,,
7270,,,
7271,,,
7272,,,
7273,,,
7274,,,
7275,,,
7276,,,
7277,,,
7278,,,
7279,,,
7280,,,
7281,,,
7282,,,
7283,,,
7284,,,
7285,,,
7286,,,
7287,,,
7288,,,
7289,,,
7290,,,
7291,,,
7292,,,
7293,,,
7294,,,
7295,,,
7296,,,
7297,,,
7298,,,
7299,,,
7300,,,
7301,,,
7302,,,
7303,,,
7304,,,
7305,,,
7306,,,
7307,,,
7308,,,
7309,,,
7310,,,
7311,,,
7312,,,
7313,,,
7314,,,
7315,,,
7316,,,
7317,,,
7318,,,
7319,,,
7320,,,
7321,,,
7322,,,
7323,,,
7324,,,
7325,,,
7326,,,
7327,,,
7328,,,
7329,,,
7330,,,
7331,,,
7332,,,
7333,,,
7334,,,
7335,,,
7336,,,
7337,,,
7338,,,
7339,,,
7340,,,
7341,,,
7342,,,
7343,,,
7344,,,
7345,,,
7346,,,
7347,,,
7348,,,
7349,,,
7350,,,
7351,,,
7352,,,
7353,,,
7354,,,
7355,,,
7356,,,
7357,,,
7358,,,
7359,,,
7360,,,
7361,,,
7362,,,
7363,,,
7364,,,
7365,,,
7366,,,
7367,,,
7368,,,
7369,,,
7370,,,
7371,,,
7372,,,
7373,,,
7374,,,
7375,,,
7376,,,
7377,,,
7378,,,
7379,,,
7380,,,
7381,,,
7382,,,
7383,,,
7384,,,
7385,,,
7386,,,
7387,,,
7388,,,
7389,,,
7390,,,
7391,,,
7392,,,
7393,,,
7394,,,
7395,,,
7396,,,
7397,,,
7398,,,
7399,,,
7400,,,
7401,,,
7402,,,
7403,,,
7404,,,
7405,,,
7406,,,
7407,,,
7408,,,
7409,,,
7410,,,
7411,,,
7412,,,
7413,,,
7414,,,
7415,,,
7416,,,
7417,,,
7418,,,
7419,,,
7420,,,
7421,,,
7422,,,
7423,,,
7424,,,
7425,,,
7426,,,
7427,,,
7428,,,
7429,,,
7430,,,
7431,,,
7432,,,
7433,,,
7434,,,
7435,,,
7436,,,
7437,,,
7438,,,
7439,,,
7440,,,
7441,,,
7442,,,
7443,,,
7444,,,
7445,,,
7446,,,
7447,,,
7448,,,
7449,,,
7450,,,
7451,,,
7452,,,
7453,,,
7454,,,
7455,,,
7456,,,
7457,,,
7458,,,
7459,,,
7460,,,
7461,,,
7462,,,
7463,,,
7464,,,
7465,,,
7466,,,
7467,,,
7468,,,
7469,,,
7470,,,
7471,,,
7472,,,
7473,,,
7474,,,
7475,,,
7476,,,
7477,,,
7478,,,
7479,,,
7480,,,
7481,,,
7482,,,
7483,,,
7484,,,
7485,,,
7486,,,
7487,,,
7488,,,
7489,,,
7490,,,
7491,,,
7492,,,
7493,,,
7494,,,
7495,,,
7496,,,
7497,,,
7498,,,
7499,,,
7500,,,
7501,H,9,
7502,H,9,
7503,H,9,
7504,,,
7505,H,9,
7506,H,9,
7507,H,9,
7508,H,9,
7509,,,
7510,,,
7511,H,9,
7512,,,
7513,H,9,
7514,H,9,
7515,H,9,
7516,H,9,
7517,H,9,
7518,H,9,
7519,H,9,
7520,H,9,
7521,,,
7522,,,
7523,,,
7524,,,
7525,H,9,
7526,,,
7527,,,
7528,,,
7529,,,
7530,,,
7531,,,
7532,,,
7533,H,9,
7534,H,9,
7535,,,
7536,,,
7537,H,9,
7538,H,9,
7539,H,9,
7540,H,9,
7541,,,
7542,,,
7543,H,7,
7544,H,7,
7545,H,7,
7546,,,
7547,,,
7548,,,
7549,H,7,
7550,H,7,
7551,H,7,
7552,,,
7553,,,
7554,,,
7555,H,8,
7556,H,8,
7557,H,8,
7558,H,8,
7559,,,
7560,,,
7561,,,
7562,H,7,
7563,,,
7564,,,
7565,,,
7566,,,
7567,,,
7568,,,
7569,,,
7570,,,
7571,,,
7572,,,
7573,,,
7574,,,
7575,,,
7576,,,
7577,,,
7578,,,
7579,,,
7580,,,
7581,,,
7582,,,
7583,,,
7584,,,
7585,,,
7586,H,12,
7587,H,12,
7588,H,12,
7589,,,
7590,,,
7591,,,
7592,H,11,
7593,H,11,
7594,,,
7595,,,
7596,,,
7597,,,
7598,,,
7599,H,12,
7600,H,12,
7601,H,12,
7602,H,12,
7603,H,12,
7604,H,12,
7605,H,12,
7606,,,
7607,,,
7608,,,
7609,H,13,
7610,H,13,
7611,,,
7612,,,
7613,,,
7614,,,
7615,,,
7616,,,
7617,,,
7618,,,
7619,,,
7620,,,
7621,,,
7622,,,
7623,,,
7624,,,
7625,,,
7626,,,
7627,H,10,
7628,H,10,
7629,H,10,
7630,,,
7631,H,10,
7632,H,10,
7633,H,10,
7634,H,10,
7635,H,10,
7636,,,
7637,H,10,
7638,,,
7639,H,10,
7640,H,10,
7641,,,
7642,,,
7643,H,10,
7644,,,
7645,,,
7646,,,
7647,H,9,
7648,,,
7649,H,9,
7650,,,
7651,,,
7652,,,
7653,H,9.5,
7654,H,9.5,
7655,H,9.5,
7656,,,
7657,,,
7658,,,
7659,,,
7660,,,
7661,H,10,
7662,H,10,
7663,H,9,
7664,,,
7665,H,9,
7666,,,
7667,,,
7668,,,
7669,,,
7670,H,9,
7671,H,9,
7672,H,9,
7673,,,
7674,,,
7675,H,9,
7676,H,9,
7677,H,9,
7678,H,9,
7679,H,9,
7680,H,9,
7681,H,11,
7682,H,11,
7683,H,11,
7684,,,
7685,H,11,
7686,,,
7687,,,
7688,,,
7689,,,
7690,,,
7691,,,
7692,,,
7693,,,
7694,H,11,
7695,,,
7696,,,
7697,,,
7698,,,
7699,,,
7700,,,
7701,H,11,
7702,H,11,
7703,,,
7704,,,
7705,,,
7706,,,
7707,,,
7708,,,
7709,,,
7710,,,
7711,,,
7712,H,12,
7713,H,12,
7714,H,12,
7715,H,12,
7716,,,
7717,H,12,
7718,H,12,
7719,,,
7720,,,
7721,,,
7722,,,
7723,H,13,
7724,,,
7725,,,
7726,H,13,
7727,H,13,
7728,,,
7729,H,13,
7730,H,13,
7731,,,
7732,H,13,
7733,,,
7734,,,
7735,,,
7736,,,
7737,H,13,
7738,H,13,
7739,,,
7740,,,
7741,,,
7742,,,
7743,,,
7744,H,12,
7745,H,12,
7746,,,
7747,H,13,
7748,H,13,
7749,H,13,
7750,H,13,
7751,H,13,
7752,H,13,
7753,H,12,
7754,H,12,
7755,H,12,
7756,,,
7757,,,
7758,,,
7759,H,11,
7760,,,
7761,,,
7762,,,
7763,,,
7764,,,
7765,,,
7766,H,11,
7767,,,
7768,,,
7769,H,11,
7770,H,11,
7771,,,
7772,,,
7773,H,11,
7774,,,
7775,,,
7776,,,
7777,,,
7778,H,11,
7779,H,11,
7780,H,11,
7781,,,
7782,,,
7783,,,
7784,,,
7785,,,
7786,,,
7787,,,
7788,H,11,
7789,,,
7790,,,
7791,,,
7792,,,
7793,,,
7794,H,11,
7795,H,12,
7796,H,12,
7797,H,12,
7798,H,12,
7799,H,12,
7800,H,12,
7801,,,
7802,,,
7803,H,12,
7804,H,12,
7805,H,12,
7806,,,
7807,,,
7808,,,
7809,,,
7810,H,13,
7811,H,13,
7812,,,
7813,H,13,
7814,H,13,
7815,,,
7816,H,13,
7817,H,13,
7818,,,
7819,,,
7820,,,
7821,,,
7822,,,
7823,,,
7824,,,
7825,,,
7826,,,
7827,,,
7828,,,
7829,,,
7830,,,
7831,,,
7832,,,
7833,,,
7834,,,
7835,,,
7836,,,
7837,,,
7838,,,
7839,,,
7840,,,
7841,,,
7842,,,
7843,,,
7844,,,
7845,,,
7846,,,
7847,,,
7848,,,
7849,,,
7850,,,
7851,,,
7852,,,
7853,,,
7854,,,
7855,,,
7856,,,
7857,,,
7858,,,
7859,,,
7860,,,
7861,,,
7862,,,
7863,,,
7864,,,
7865,,,
7866,,,
7867,,,
7868,,,
7869,,,
7870,,,
7871,,,
7872,,,
7873,,,
7874,,,
7875,,,
7876,,,
7877,,,
7878,,,
7879,,,
7880,,,
7881,,,
7882,,,
7883,,,
7884,,,
7885,,,
7886,,,
7887,,,
7888,,,
7889,,,
7890,,,
7891,,,
7892,,,
7893,,,
7894,,,
7895,,,
7896,,,
7897,,,
7898,,,
7899,,,
7900,,,
7901,,,
7902,,,
7903,,,
7904,,,
7905,,,
7906,,,
7907,,,
7908,,,
7909,,,
7910,,,
7911,,,
7912,,,
7913,,,
7914,,,
7915,,,
7916,,,
7917,,,
7918,,,
7919,,,
7920,,,
7921,,,
7922,,,
7923,,,
7924,,,
7925,,,
7926,,,
7927,,,
7928,,,
7929,,,
7930,,,
7931,,,
7932,,,
7933,,,
7934,,,
7935,,,
7936,,,
7937,,,
7938,,,
7939,,,
7940,,,
7941,,,
7942,,,
7943,,,
7944,,,
7945,,,
7946,,,
7947,,,
7948,,,
7949,,,
7950,,,
7951,,,
7952,,,
7953,,,
7954,,,
7955,,,
7956,,,
7957,,,
7958,,,
7959,,,
7960,,,
7961,,,
7962,,,
7963,,,
7964,,,
7965,,,
7966,,,
7967,,,
7968,,,
7969,,,
7970,,,
7971,,,
7972,,,
7973,,,
7974,,,
7975,,,
7976,,,
7977,,,
7978,,,
7979,,,
7980,,,
7981,,,
7982,,,
7983,,,
7984,,,
7985,,,
7986,,,
7987,,,
7988,,,
7989,,,
7990,,,
7991,,,
7992,,,
7993,,,
7994,,,
7995,,,
7996,,,
7997,,,
7998,,,
7999,,,
8000,,,
8001,,,
8002,,,
8003,,,
8004,,,
8005,,,
8006,,,
8007,,,
8008,,,
8009,,,
8010,,,
8011,,,
8012,,,
8013,,,
8014,,,
8015,,,
8016,,,
8017,,,
8018,,,
8019,,,
8020,,,
8021,,,
8022,,,
8023,,,
8024,,,
8025,,,
8026,,,
8027,,,
8028,,,
8029,,,
8030,,,
8031,,,
8032,,,
8033,,,
8034,,,
8035,,,
8036,,,
8037,,,
8038,,,
8039,,,
8040,,,
8041,,,
8042,,,
8043,,,
8044,,,
8045,,,
8046,,,
8047,,,
8048,,,
8049,,,
8050,,,
8051,,,
8052,,,
8053,,,
8054,,,
8055,,,
8056,,,
8057,,,
8058,,,
8059,,,
8060,,,
8061,,,
8062,,,
8063,,,
8064,,,
8065,,,
8066,,,
8067,,,
8068,,,
8069,,,
8070,,,
8071,,,
8072,,,
8073,,,
8074,,,
8075,,,
8076,,,
8077,,,
8078,,,
8079,,,
8080,,,
8081,,,
8082,,,
8083,,,
8084,,,
8085,,,
8086,,,
8087,,,
8088,,,
8089,,,
8090,,,
8091,,,
8092,,,
8093,,,
8094,,,
8095,,,
8096,,,
8097,,,
8098,,,
8099,,,
8100,,,
8101,,,
8102,,,
8103,,,
8104,,,
8105,,,
8106,,,
8107,,,
8108,,,
8109,,,
8110,,,
8111,,,
8112,,,
8113,,,
8114,,,
8115,,,
8116,,,
8117,,,
8118,,,
8119,,,
8120,,,
8121,,,
8122,,,
8123,,,
8124,,,
8125,,,
8126,,,
8127,,,
8128,,,
8129,,,
8130,,,
8131,,,
8132,,,
8133,,,
8134,,,
8135,,,
8136,,,
8137,,,
8138,,,
8139,,,
8140,,,
8141,,,
8142,,,
8143,,,
8144,,,
8145,,,
8146,,,
8147,,,
8148,,,
8149,,,
8150,,,
8151,,,
8152,,,
8153,,,
8154,,,
8155,,,
8156,,,
8157,,,
8158,,,
8159,,,
8160,,,
8161,,,
8162,,,
8163,,,
8164,,,
8165,,,
8166,,,
8167,,,
8168,,,
8169,,,
8170,,,
8171,,,
8172,,,
8173,,,
8174,,,
8175,,,
8176,,,
8177,,,
8178,,,
8179,,,
8180,,,
8181,,,
8182,,,
8183,,,
8184,,,
8185,,,
8186,,,
8187,,,
8188,,,
8189,,,
8190,,,
8191,,,
8192,,,
8193,,,
8194,,,
8195,,,
8196,,,
8197,,,
8198,,,
8199,,,
8200,,,
8201,,,
8202,,,
8203,,,
8204,,,
8205,,,
8206,,,
8207,,,
8208,,,
8209,,,
8210,,,
8211,,,
8212,,,
8213,,,
8214,,,
8215,,,
8216,,,
8217,,,
8218,,,
8219,,,
8220,,,
8221,,,
8222,,,
8223,,,
8224,,,
8225,,,
8226,,,
8227,,,
8228,,,
8229,,,
8230,,,
8231,,,
8232,,,
8233,,,
8234,,,
8235,,,
8236,,,
8237,,,
8238,,,
8239,,,
8240,,,
8241,,,
8242,,,
8243,,,
8244,,,
8245,,,
8246,,,
8247,,,
8248,,,
8249,,,
8250,,,
8251,,,
8252,,,
8253,,,
8254,,,
8255,,,
8256,,,
8257,,,
8258,,,
8259,,,
8260,,,
8261,,,
8262,,,
8263,,,
8264,,,
8265,,,
8266,,,
8267,,,
8268,,,
8269,,,
8270,,,
8271,,,
8272,,,
8273,,,
8274,,,
8275,,,
8276,,,
8277,,,
8278,,,
8279,,,
8280,,,
8281,,,
8282,,,
8283,,,
8284,,,
8285,,,
8286,,,
8287,,,
8288,,,
8289,,,
8290,,,
8291,,,
8292,,,
8293,,,
8294,,,
8295,,,
8296,,,
8297,,,
8298,,,
8299,,,
8300,,,
8301,,,
8302,,,
8303,,,
8304,,,
8305,,,
8306,,,
8307,,,
8308,,,
8309,,,
8310,,,
8311,,,
8312,,,
8313,,,
8314,,,
8315,,,
8316,,,
8317,,,
8318,,,
8319,,,
8320,,,
8321,,,
8322,,,
8323,,,
8324,,,
8325,,,
8326,,,
8327,,,
8328,,,
8329,,,
8330,,,
8331,,,
8332,,,
8333,,,
8334,,,
8335,,,
8336,,,
8337,,,
8338,,,
8339,,,
8340,,,
8341,,,
8342,,,
8343,,,
8344,,,
8345,,,
8346,,,
8347,,,
8348,,,
8349,,,
8350,,,
8351,,,
8352,,,
8353,,,
8354,,,
8355,,,
8356,,,
8357,,,
8358,,,
8359,,,
8360,,,
8361,,,
8362,,,
8363,,,
8364,,,
8365,,,
8366,,,
8367,,,
8368,,,
8369,,,
8370,,,
8371,,,
8372,,,
8373,,,
8374,,,
8375,,,
8376,,,
8377,,,
8378,,,
8379,,,
8380,,,
8381,,,
8382,,,
8383,,,
8384,,,
8385,,,
8386,,,
8387,,,
8388,,,
8389,,,
8390,,,
8391,,,
8392,,,
8393,,,
8394,,,
8395,,,
8396,,,
8397,,,
8398,,,
8399,,,
8400,,,
8401,,,
8402,,,
8403,,,
8404,,,
8405,,,
8406,,,
8407,,,
8408,,,
8409,,,
8410,,,
8411,,,
8412,,,
8413,,,
8414,,,
8415,,,
8416,,,
8417,,,
8418,,,
8419,,,
8420,,,
8421,,,
8422,,,
8423,,,
8424,,,
8425,,,
8426,,,
8427,,,
8428,,,
8429,,,
8430,,,
8431,,,
8432,,,
8433,,,
8434,,,
8435,,,
8436,,,
8437,,,
8438,,,
8439,,,
8440,,,
8441,,,
8442,,,
8443,,,
8444,,,
8445,,,
8446,,,
8447,,,
8448,,,
8449,,,
8450,,,
8451,,,
8452,,,
8453,,,
8454,,,
8455,,,
8456,,,
8457,,,
8458,,,
8459,,,
8460,,,
8461,,,
8462,,,
8463,,,
8464,,,
8465,,,
8466,,,
8467,,,
8468,,,
8469,,,
8470,,,
8471,,,
8472,,,
8473,,,
8474,,,
8475,,,
8476,,,
8477,,,
8478,,,
8479,,,
8480,,,
8481,,,
8482,,,
8483,,,
8484,,,
8485,,,
8486,,,
8487,,,
8488,,,
8489,,,
8490,,,
8491,,,
8492,,,
8493,,,
8494,,,
8495,,,
8496,,,
8497,,,
8498,,,
8499,,,
8500,,,
8501,,,
8502,,,
8503,,,
8504,,,
8505,,,
8506,,,
8507,,,
8508,,,
8509,,,
8510,,,
8511,,,
8512,,,
8513,,,
8514,,,
8515,,,
8516,,,
8517,,,
8518,,,
8519,,,
8520,,,
8521,,,
8522,,,
8523,,,
8524,,,
8525,,,
8526,,,
8527,,,
8528,,,
8529,,,
8530,,,
8531,,,
8532,,,
8533,,,
8534,,,
8535,,,
8536,,,
8537,,,
8538,,,
8539,,,
8540,,,
8541,,,
8542,,,
8543,,,
8544,,,
8545,,,
8546,,,
8547,,,
8548,,,
8549,,,
8550,,,
8551,,,
8552,,,
8553,,,
8554,,,
8555,,,
8556,,,
8557,,,
8558,,,
8559,,,
8560,,,
8561,,,
8562,,,
8563,,,
8564,,,
8565,,,
8566,,,
8567,,,
8568,,,
8569,,,
8570,,,
8571,,,
8572,,,
8573,,,
8574,,,
8575,,,
8576,,,
8577,,,
8578,,,
8579,,,
8580,,,
8581,,,
8582,,,
8583,,,
8584,,,
8585,,,
8586,,,
8587,,,
8588,,,
8589,,,
8590,,,
8591,,,
8592,,,
8593,,,
8594,,,
8595,,,
8596,,,
8597,,,
8598,,,
8599,,,
8600,,,
8601,,,
8602,,,
8603,,,
8604,,,
8605,,,
8606,,,
8607,,,
8608,,,
8609,,,
8610,,,
8611,,,
8612,,,
8613,,,
8614,,,
8615,,,
8616,,,
8617,,,
8618,,,
8619,,,
8620,,,
8621,,,
8622,,,
8623,,,
8624,,,
8625,,,
8626,,,
8627,,,
8628,,,
8629,,,
8630,,,
8631,,,
8632,,,
8633,,,
8634,,,
8635,,,
8636,,,
8637,,,
8638,,,
8639,,,
8640,,,
8641,,,
8642,,,
8643,,,
8644,,,
8645,,,
8646,,,
8647,,,
8648,,,
8649,,,
8650,,,
8651,,,
8652,,,
8653,,,
8654,,,
8655,,,
8656,,,
8657,,,
8658,,,
8659,,,
8660,,,
8661,,,
8662,,,
8663,,,
8664,,,
8665,,,
8666,,,
8667,,,
8668,,,
8669,,,
8670,,,
8671,,,
8672,,,
8673,,,
8674,,,
8675,,,
8676,,,
8677,,,
8678,,,
8679,,,
8680,,,
8681,,,
8682,,,
8683,,,
8684,,,
8685,,,
8686,,,
8687,,,
8688,,,
8689,,,
8690,,,
8691,,,
8692,,,
8693,,,
8694,,,
8695,,,
8696,,,
8697,,,
8698,,,
8699,,,
8700,,,
8701,,,
8702,,,
8703,,,
8704,,,
8705,,,
8706,,,
8707,,,
8708,,,
8709,,,
8710,,,
8711,,,
8712,,,
8713,,,
8714,,,
8715,,,
8716,,,
8717,,,
8718,,,
8719,,,
8720,,,
8721,,,
8722,,,
8723,,,
8724,,,
8725,,,
8726,,,
8727,,,
8728,,,
8729,,,
8730,,,
8731,,,
8732,,,
8733,,,
8734,,,
8735,,,
8736,,,
8737,,,
8738,,,
8739,,,
8740,,,
8741,,,
8742,,,
8743,,,
8744,,,
8745,,,
8746,,,
8747,,,
8748,,,
8749,,,
8750,,,
8751,,,
8752,,,
8753,,,
8754,,,
8755,,,
8756,,,
8757,,,
8758,,,
8759,,,
8760,,,
8761,,,
8762,,,
8763,,,
8764,,,
8765,,,
8766,,,
8767,,,
8768,,,
8769,,,
8770,,,
8771,,,
8772,,,
8773,,,
8774,,,
8775,,,
8776,,,
8777,,,
8778,,,
8779,,,
8780,,,
8781,,,
8782,,,
8783,,,
8784,,,
8785,,,
8786,,,
8787,,,
8788,,,
8789,,,
8790,,,
8791,,,
8792,,,
8793,,,
8794,,,
8795,,,
8796,,,
8797,,,
8798,,,
8799,,,
8800,,,
8801,,,
8802,,,
8803,,,
8804,,,
8805,,,
8806,,,
8807,,,
8808,,,
8809,,,
8810,,,
8811,,,
8812,,,
8813,,,
8814,,,
8815,,,
8816,,,
8817,,,
8818,,,
8819,,,
8820,,,
8821,,,
8822,,,
8823,,,
8824,,,
8825,,,
8826,,,
8827,,,
8828,,,
8829,,,
8830,,,
8831,,,
8832,,,
8833,,,
8834,,,
8835,,,
8836,,,
8837,,,
8838,,,
8839,,,
8840,,,
8841,,,
8842,,,
8843,,,
8844,,,
8845,,,
8846,,,
8847,,,
8848,,,
8849,,,
8850,,,
8851,,,
8852,,,
8853,,,
8854,,,
8855,,,
8856,,,
8857,,,
8858,,,
8859,,,
8860,,,
8861,,,
8862,,,
8863,,,
8864,,,
8865,,,
8866,,,
8867,,,
8868,,,
8869,,,
8870,,,
8871,,,
8872,,,
8873,,,
8874,,,
8875,,,
8876,,,
8877,,,
8878,,,
8879,,,
8880,,,
8881,,,
8882,,,
8883,,,
8884,,,
8885,,,
8886,,,
8887,,,
8888,,,
8889,,,
8890,,,
8891,,,
8892,,,
8893,,,
8894,,,
8895,,,
8896,,,
8897,,,
8898,,,
8899,,,
8900,,,
8901,,,
8902,,,
8903,,,
8904,,,
8905,,,
8906,,,
8907,,,
8908,,,
8909,,,
8910,,,
8911,,,
8912,,,
8913,,,
8914,,,
8915,,,
8916,,,
8917,,,
8918,,,
8919,,,
8920,,,
8921,,,
8922,,,
8923,,,
8924,,,
8925,,,
8926,,,
8927,,,
8928,,,
8929,,,
8930,,,
8931,,,
8932,,,
8933,,,
8934,,,
8935,,,
8936,,,
8937,,,
8938,,,
8939,,,
8940,,,
8941,,,
8942,,,
8943,,,
8944,,,
8945,,,
8946,,,
8947,,,
8948,,,
8949,,,
8950,,,
8951,,,
8952,,,
8953,,,
8954,,,
8955,,,
8956,,,
8957,,,
8958,,,
8959,,,
8960,,,
8961,,,
8962,,,
8963,,,
8964,,,
8965,,,
8966,,,
8967,,,
8968,,,
8969,,,
8970,,,
8971,,,
8972,,,
8973,,,
8974,,,
8975,,,
8976,,,
8977,,,
8978,,,
8979,,,
8980,,,
8981,,,
8982,,,
8983,,,
8984,,,
8985,,,
8986,,,
8987,,,
8988,,,
8989,,,
8990,,,
8991,,,
8992,,,
8993,,,
8994,,,
8995,,,
8996,,,
8997,,,
8998,,,
8999,,,
9000,,,
9001,,,
9002,,,
9003,,,
9004,,,
9005,,,
9006,,,
9007,,,
9008,,,
9009,,,
9010,,,
9011,,,
9012,,,
9013,,,
9014,,,
9015,,,
9016,,,
9017,,,
9018,,,
9019,,,
9020,,,
9021,,,
9022,,,
9023,,,
9024,,,
9025,,,
9026,,,
9027,,,
9028,,,
9029,,,
9030,,,
9031,,,
9032,,,
9033,,,
9034,,,
9035,,,
9036,,,
9037,,,
9038,,,
9039,,,
9040,,,
9041,,,
9042,,,
9043,,,
9044,,,
9045,,,
9046,,,
9047,,,
9048,,,
9049,,,
9050,,,
9051,,,
9052,,,
9053,,,
9054,,,
9055,,,
9056,,,
9057,,,
9058,,,
9059,,,
9060,,,
9061,,,
9062,,,
9063,,,
9064,,,
9065,,,
9066,,,
9067,,,
9068,,,
9069,,,
9070,,,
9071,,,
9072,,,
9073,,,
9074,,,
9075,,,
9076,,,
9077,,,
9078,,,
9079,,,
9080,,,
9081,,,
9082,,,
9083,,,
9084,,,
9085,,,
9086,,,
9087,,,
9088,,,
9089,,,
9090,,,
9091,,,
9092,,,
9093,,,
9094,,,
9095,,,
9096,,,
9097,,,
9098,,,
9099,,,
9100,,,
9101,,,
9102,,,
9103,,,
9104,,,
9105,,,
9106,,,
9107,,,
9108,,,
9109,,,
9110,,,
9111,,,
9112,,,
9113,,,
9114,,,
9115,,,
9116,,,
9117,,,
9118,,,
9119,,,
9120,,,
9121,,,
9122,,,
9123,,,
9124,,,
9125,,,
9126,,,
9127,,,
9128,,,
9129,,,
9130,,,
9131,,,
9132,,,
9133,,,
9134,,,
9135,,,
9136,,,
9137,,,
9138,,,
9139,,,
9140,,,
9141,,,
9142,,,
9143,,,
9144,,,
9145,,,
9146,,,
9147,,,
9148,,,
9149,,,
9150,,,
9151,,,
9152,,,
9153,,,
9154,,,
9155,,,
9156,,,
9157,,,
9158,,,
9159,,,
9160,,,
9161,,,
9162,,,
9163,,,
9164,,,
9165,,,
9166,,,
9167,,,
9168,,,
9169,,,
9170,,,
9171,,,
9172,,,
9173,,,
9174,,,
9175,,,
9176,,,
9177,,,
9178,,,
9179,,,
9180,,,
9181,,,
9182,,,
9183,,,
9184,,,
9185,,,
9186,,,
9187,,,
9188,,,
9189,,,
9190,,,
9191,,,
9192,,,
9193,,,
9194,,,
9195,,,
9196,,,
9197,,,
9198,,,
9199,,,
9200,,,
9201,,,
9202,,,
9203,,,
9204,,,
9205,,,
9206,,,
9207,,,
9208,,,
9209,,,
9210,,,
9211,,,
9212,,,
9213,,,
9214,,,
9215,,,
9216,,,
9217,,,
9218,,,
9219,,,
9220,,,
9221,,,
9222,,,
9223,,,
9224,,,
9225,,,
9226,,,
9227,,,
9228,,,
9229,,,
9230,,,
9231,,,
9232,,,
9233,,,
9234,,,
9235,,,
9236,,,
9237,,,
9238,,,
9239,,,
9240,,,
9241,,,
9242,,,
9243,,,
9244,,,
9245,,,
9246,,,
9247,,,
9248,,,
9249,,,
9250,,,
9251,,,
9252,,,
9253,,,
9254,,,
9255,,,
9256,,,
9257,,,
9258,,,
9259,,,
9260,,,
9261,,,
9262,,,
9263,,,
9264,,,
9265,,,
9266,,,
9267,,,
9268,,,
9269,,,
9270,,,
9271,,,
9272,,,
9273,,,
9274,,,
9275,,,
9276,,,
9277,,,
9278,,,
9279,,,
9280,,,
9281,,,
9282,,,
9283,,,
9284,,,
9285,,,
9286,,,
9287,,,
9288,,,
9289,,,
9290,,,
9291,,,
9292,,,
9293,,,
9294,,,
9295,,,
9296,,,
9297,,,
9298,,,
9299,,,
9300,,,
9301,,,
9302,,,
9303,,,
9304,,,
9305,,,
9306,,,
9307,,,
9308,,,
9309,,,
9310,,,
9311,,,
9312,,,
9313,,,
9314,,,
9315,,,
9316,,,
9317,,,
9318,,,
9319,,,
9320,,,
9321,,,
9322,,,
9323,,,
9324,,,
9325,,,
9326,,,
9327,,,
9328,,,
9329,,,
9330,,,
9331,,,
9332,,,
9333,,,
9334,,,
9335,,,
9336,,,
9337,,,
9338,,,
9339,,,
9340,,,
9341,,,
9342,,,
9343,,,
9344,,,
9345,,,
9346,,,
9347,,,
9348,,,
9349,,,
9350,,,
9351,,,
9352,,,
9353,,,
9354,,,
9355,,,
9356,,,
9357,,,
9358,,,
9359,,,
9360,,,
9361,,,
9362,,,
9363,,,
9364,,,
9365,,,
9366,,,
9367,,,
9368,,,
9369,,,
9370,,,
9371,,,
9372,,,
9373,,,
9374,,,
9375,,,
9376,,,
9377,,,
9378,,,
9379,,,
9380,,,
9381,,,
9382,,,
9383,,,
9384,,,
9385,,,
9386,,,
9387,,,
9388,,,
9389,,,
9390,,,
9391,,,
9392,,,
9393,,,
9394,,,
9395,,,
9396,,,
9397,,,
9398,,,
9399,,,
9400,,,
9401,,,
9402,,,
9403,,,
9404,,,
9405,,,
9406,,,
9407,,,
9408,,,
9409,,,
9410,,,
9411,,,
9412,,,
9413,,,
9414,,,
9415,,,
9416,,,
9417,,,
9418,,,
9419,,,
9420,,,
9421,,,
9422,,,
9423,,,
9424,,,
9425,,,
9426,,,
9427,,,
9428,,,
9429,,,
9430,,,
9431,,,
9432,,,
9433,,,
9434,,,
9435,,,
9436,,,
9437,,,
9438,,,
9439,,,
9440,,,
9441,,,
9442,,,
9443,,,
9444,,,
9445,,,
9446,,,
9447,,,
9448,,,
9449,,,
9450,,,
9451,,,
9452,,,
9453,,,
9454,,,
9455,,,
9456,,,
9457,,,
9458,,,
9459,,,
9460,,,
9461,,,
9462,,,
9463,,,
9464,,,
9465,,,
9466,,,
9467,,,
9468,,,
9469,,,
9470,,,
9471,,,
9472,,,
9473,,,
9474,,,
9475,,,
9476,,,
9477,,,
9478,,,
9479,,,
9480,,,
9481,,,
9482,,,
9483,,,
9484,,,
9485,,,
9486,,,
9487,,,
9488,,,
9489,,,
9490,,,
9491,,,
9492,,,
9493,,,
9494,,,
9495,,,
9496,,,
9497,,,
9498,,,
9499,,,
9500,,,
9501,,,
9502,,,
9503,,,
9504,,,
9505,,,
9506,,,
9507,,,
9508,,,
9509,,,
9510,,,
9511,,,
9512,,,
9513,,,
9514,,,
9515,,,
9516,,,
9517,,,
9518,,,
9519,,,
9520,,,
9521,,,
9522,,,
9523,,,
9524,,,
9525,,,
9526,,,
9527,,,
9528,,,
9529,,,
9530,,,
9531,,,
9532,,,
9533,,,
9534,,,
9535,,,
9536,,,
9537,,,
9538,,,
9539,,,
9540,,,
9541,,,
9542,,,
9543,,,
9544,,,
9545,,,
9546,,,
9547,,,
9548,,,
9549,,,
9550,,,
9551,,,
9552,,,
9553,,,
9554,,,
9555,,,
9556,,,
9557,,,
9558,,,
9559,,,
9560,,,
9561,,,
9562,,,
9563,,,
9564,,,
9565,,,
9566,,,
9567,,,
9568,,,
9569,,,
9570,,,
9571,,,
9572,,,
9573,,,
9574,,,
9575,,,
9576,,,
9577,,,
9578,,,
9579,,,
9580,,,
9581,,,
9582,,,
9583,,,
9584,,,
9585,,,
9586,,,
9587,,,
9588,,,
9589,,,
9590,,,
9591,,,
9592,,,
9593,,,
9594,,,
9595,,,
9596,,,
9597,,,
9598,,,
9599,,,
9600,,,
9601,,,
9602,,,
9603,,,
9604,,,
9605,,,
9606,,,
9607,,,
9608,,,
9609,,,
9610,,,
9611,,,
9612,,,
9613,,,
9614,,,
9615,,,
9616,,,
9617,,,
9618,,,
9619,,,
9620,,,
9621,,,
9622,,,
9623,,,
9624,,,
9625,,,
9626,,,
9627,,,
9628,,,
9629,,,
9630,,,
9631,,,
9632,,,
9633,,,
9634,,,
9635,,,
9636,,,
9637,,,
9638,,,
9639,,,
9640,,,
9641,,,
9642,,,
9643,,,
9644,,,
9645,,,
9646,,,
9647,,,
9648,,,
9649,,,
9650,,,
9651,,,
9652,,,
9653,,,
9654,,,
9655,,,
9656,,,
9657,,,
9658,,,
9659,,,
9660,,,
9661,,,
9662,,,
9663,,,
9664,,,
9665,,,
9666,,,
9667,,,
9668,,,
9669,,,
9670,,,
9671,,,
9672,,,
9673,,,
9674,,,
9675,,,
9676,,,
9677,,,
9678,,,
9679,,,
9680,,,
9681,,,
9682,,,
9683,,,
9684,,,
9685,,,
9686,,,
9687,,,
9688,,,
9689,,,
9690,,,
9691,,,
9692,,,
9693,,,
9694,,,
9695,,,
9696,,,
9697,,,
9698,,,
9699,,,
9700,,,
9701,,,
9702,,,
9703,,,
9704,,,
9705,,,
9706,,,
9707,,,
9708,,,
9709,,,
9710,,,
9711,,,
9712,,,
9713,,,
9714,,,
9715,,,
9716,,,
9717,,,
9718,,,
9719,,,
9720,,,
9721,,,
9722,,,
9723,,,
9724,,,
9725,,,
9726,,,
9727,,,
9728,,,
9729,,,
9730,,,
9731,,,
9732,,,
9733,,,
9734,,,
9735,,,
9736,,,
9737,,,
9738,,,
9739,,,
9740,,,
9741,,,
9742,,,
9743,,,
9744,,,
9745,,,
9746,,,
9747,,,
9748,,,
9749,,,
9750,,,
9751,,,
9752,,,
9753,,,
9754,,,
9755,,,
9756,,,
9757,,,
9758,,,
9759,,,
9760,,,
9761,,,
9762,,,
9763,,,
9764,,,
9765,,,
9766,,,
9767,,,
9768,,,
9769,,,
9770,,,
9771,,,
9772,,,
9773,,,
9774,,,
9775,,,
9776,,,
9777,,,
9778,,,
9779,,,
9780,,,
9781,,,
9782,,,
9783,,,
9784,,,
9785,,,
9786,,,
9787,,,
9788,,,
9789,,,
9790,,,
9791,,,
9792,,,
9793,,,
9794,,,
9795,,,
9796,,,
9797,,,
9798,,,
9799,,,
9800,,,
9801,,,
9802,,,
9803,,,
9804,,,
9805,,,
9806,,,
9807,,,
9808,,,
9809,,,
9810,,,
9811,,,
9812,,,
9813,,,
9814,,,
9815,,,
9816,,,
9817,,,
9818,,,
9819,,,
9820,,,
9821,,,
9822,,,
9823,,,
9824,,,
9825,,,
9826,,,
9827,,,
9828,,,
9829,,,
9830,,,
9831,,,
9832,,,
9833,,,
9834,,,
9835,,,
9836,,,
9837,,,
9838,,,
9839,,,
9840,,,
9841,,,
9842,,,
9843,,,
9844,,,
9845,,,
9846,,,
9847,,,
9848,,,
9849,,,
9850,,,
9851,,,
9852,,,
9853,,,
9854,,,
9855,,,
9856,,,
9857,,,
9858,,,
9859,,,
9860,,,
9861,,,
9862,,,
9863,,,
9864,,,
9865,,,
9866,,,
9867,,,
9868,,,
9869,,,
9870,,,
9871,,,
9872,,,
9873,,,
9874,,,
9875,,,
9876,,,
9877,,,
9878,,,
9879,,,
9880,,,
9881,,,
9882,,,
9883,,,
9884,,,
9885,,,
9886,,,
9887,,,
9888,,,
9889,,,
9890,,,
9891,,,
9892,,,
9893,,,
9894,,,
9895,,,
9896,,,
9897,,,
9898,,,
9899,,,
9900,,,
9901,,,
9902,,,
9903,,,
9904,,,
9905,,,
9906,,,
9907,,,
9908,,,
9909,,,
9910,,,
9911,,,
9912,,,
9913,,,
9914,,,
9915,,,
9916,,,
9917,,,
9918,,,
9919,,,
9920,,,
9921,,,
9922,,,
9923,,,
9924,,,
9925,,,
9926,,,
9927,,,
9928,,,
9929,,,
9930,,,
9931,,,
9932,,,
9933,,,
9934,,,
9935,,,
9936,,,
9937,,,
9938,,,
9939,,,
9940,,,
9941,,,
9942,,,
9943,,,
9944,,,
9945,,,
9946,,,
9947,,,
9948,,,
9949,,,
9950,,,
9951,,,
9952,,,
9953,,,
9954,,,
9955,,,
9956,,,
9957,,,
9958,,,
9959,,,
9960,,,
9961,,,
9962,,,
9963,,,
9964,,,
9965,,,
9966,,,
9967,,,
9968,,,
9969,,,
9970,,,
9971,,,
9972,,,
9973,,,
9974,,,
9975,,,
9976,,,
9977,,,
9978,,,
9979,,,
9980,,,
9981,,,
9982,,,
9983,,,
9984,,,
9985,,,
9986,,,
9987,,,
9988,,,
9989,,,
9990,,,
9991,,,
9992,,,
9993,,,
9994,,,
9995,,,
9996,,,
9997,,,
9998,,,
9999,,,
10000,,,
